INSERT INTO user(username, bio, join_date, password, profile_picture) VALUES ('jeffrey05', 'Staff market.', '2023-06-02', '!pEQlkSl4N', 'https://picsum.photos/200/300?random=18');
INSERT INTO user(username, bio, join_date, password, profile_picture) VALUES ('wlopez', 'Per cover car.', '2023-09-06', 'W)i9eKNv)I', 'https://picsum.photos/200/300?random=170');
INSERT INTO user(username, bio, join_date, password, profile_picture) VALUES ('daltonamy', 'Alone drug third.', '2021-09-29', 'BOUO4Anh)6', 'https://picsum.photos/200/300?random=62');
INSERT INTO user(username, bio, join_date, password, profile_picture) VALUES ('xmendez', 'Long for.', '2021-03-21', '9xT3eQe7B#', 'https://picsum.photos/200/300?random=927');
INSERT INTO user(username, bio, join_date, password, profile_picture) VALUES ('sarahgonzalez', 'Collection.', '2021-01-30', '3a$99+Hiq1', 'https://picsum.photos/200/300?random=935');
INSERT INTO user(username, bio, join_date, password, profile_picture) VALUES ('catherinedavis', 'Paper body different.', '2021-03-23', ')89EpFns#m', 'https://picsum.photos/200/300?random=323');
INSERT INTO user(username, bio, join_date, password, profile_picture) VALUES ('larsonjohn', 'End everything.', '2021-03-30', '+h2*E!aR3f', 'https://picsum.photos/200/300?random=370');
INSERT INTO user(username, bio, join_date, password, profile_picture) VALUES ('hevans', 'News pick.', '2023-06-01', 'O8(EV$Py*8', 'https://picsum.photos/200/300?random=964');
INSERT INTO user(username, bio, join_date, password, profile_picture) VALUES ('rbradley', 'Enough relate.', '2023-08-09', 'vv85UQuU!#', 'https://picsum.photos/200/300?random=132');
INSERT INTO user(username, bio, join_date, password, profile_picture) VALUES ('kellyadams', 'Garden number to.', '2023-11-28', '%pE@7@3KQ6', 'https://picsum.photos/200/300?random=936');
INSERT INTO user(username, bio, join_date, password, profile_picture) VALUES ('tiffany02', 'Office while man.', '2021-04-11', 'w4ZkK7gL(x', 'https://picsum.photos/200/300?random=466');
INSERT INTO user(username, bio, join_date, password, profile_picture) VALUES ('lmoore', 'Tell gun where young.', '2023-05-08', '#2FYzyiSh^', 'https://picsum.photos/200/300?random=819');
INSERT INTO user(username, bio, join_date, password, profile_picture) VALUES ('carol66', 'Organization general style better.', '2022-02-02', 'W0N0cBhU*a', 'https://picsum.photos/200/300?random=489');
INSERT INTO user(username, bio, join_date, password, profile_picture) VALUES ('mitchell02', 'Low middle bed.', '2020-07-27', 'plGGvm)*(9', 'https://picsum.photos/200/300?random=570');
INSERT INTO user(username, bio, join_date, password, profile_picture) VALUES ('phillip26', 'A.', '2023-09-13', '#oB)UK#C$8', 'https://picsum.photos/200/300?random=330');
INSERT INTO user(username, bio, join_date, password, profile_picture) VALUES ('dshaw', 'Traditional impact their.', '2023-04-18', '(hSGF0hd5K', 'https://picsum.photos/200/300?random=356');
INSERT INTO user(username, bio, join_date, password, profile_picture) VALUES ('jimenezjohn', 'Risk lose deal.', '2021-07-03', 'RvEQVq)p(7', 'https://picsum.photos/200/300?random=249');
INSERT INTO user(username, bio, join_date, password, profile_picture) VALUES ('bairdtiffany', 'Again.', '2021-01-28', 'Z@%8IA8ly0', 'https://picsum.photos/200/300?random=340');
INSERT INTO user(username, bio, join_date, password, profile_picture) VALUES ('joseph72', 'Read remember.', '2022-12-13', '$zDZ$3Ddx1', 'https://picsum.photos/200/300?random=813');
INSERT INTO user(username, bio, join_date, password, profile_picture) VALUES ('klewis', 'Point water federal.', '2020-12-01', '&s)kSEzN4A', 'https://picsum.photos/200/300?random=767');
INSERT INTO user(username, bio, join_date, password, profile_picture) VALUES ('wilsonmarie', 'Director memory.', '2023-06-19', '3#5phsZgg_', 'https://picsum.photos/200/300?random=66');
INSERT INTO user(username, bio, join_date, password, profile_picture) VALUES ('betty97', 'Boy.', '2021-08-21', '_o80Cc@e%S', 'https://picsum.photos/200/300?random=438');
INSERT INTO user(username, bio, join_date, password, profile_picture) VALUES ('jennifer75', 'Kind policy.', '2024-01-05', 'w#%d0@CsN!', 'https://picsum.photos/200/300?random=251');
INSERT INTO user(username, bio, join_date, password, profile_picture) VALUES ('nicoledoyle', 'Animal tend career where.', '2023-05-15', '%ja4VlaM)k', 'https://picsum.photos/200/300?random=273');
INSERT INTO user(username, bio, join_date, password, profile_picture) VALUES ('johnortiz', 'Go ground remain.', '2021-01-08', '(EEEvWRDK5', 'https://picsum.photos/200/300?random=418');
INSERT INTO user(username, bio, join_date, password, profile_picture) VALUES ('samantharichardson', 'Some want spring.', '2021-07-29', '(wSu$XI5q2', 'https://picsum.photos/200/300?random=33');
INSERT INTO user(username, bio, join_date, password, profile_picture) VALUES ('hardyolivia', 'Career friend.', '2020-01-24', '2ZlDw$j3*o', 'https://picsum.photos/200/300?random=789');
INSERT INTO user(username, bio, join_date, password, profile_picture) VALUES ('loridalton', 'Senior break help.', '2022-10-24', '(rUfqNV)i2', 'https://picsum.photos/200/300?random=877');
INSERT INTO user(username, bio, join_date, password, profile_picture) VALUES ('debbie40', 'Sell unit.', '2023-10-21', ')j+09NA%0l', 'https://picsum.photos/200/300?random=126');
INSERT INTO user(username, bio, join_date, password, profile_picture) VALUES ('kingdawn', 'Defense five.', '2024-02-08', 'Y6DckeZd^3', 'https://picsum.photos/200/300?random=736');
INSERT INTO user(username, bio, join_date, password, profile_picture) VALUES ('seanhuffman', 'Own middle ago.', '2022-03-12', '_2mFfzQeD(', 'https://picsum.photos/200/300?random=982');
INSERT INTO user(username, bio, join_date, password, profile_picture) VALUES ('robert91', 'Hard make.', '2020-05-20', 'iw(1vBes%1', 'https://picsum.photos/200/300?random=596');
INSERT INTO user(username, bio, join_date, password, profile_picture) VALUES ('lhampton', 'Sometimes evening.', '2022-08-11', '_0YPLe+m52', 'https://picsum.photos/200/300?random=481');
INSERT INTO user(username, bio, join_date, password, profile_picture) VALUES ('andrewramos', 'Effort above.', '2021-11-17', 'Y8UQmQEz_c', 'https://picsum.photos/200/300?random=697');
INSERT INTO user(username, bio, join_date, password, profile_picture) VALUES ('fpena', 'Team second.', '2021-06-17', 'Mo&5guGlEO', 'https://picsum.photos/200/300?random=309');
INSERT INTO user(username, bio, join_date, password, profile_picture) VALUES ('lisacurry', 'Just.', '2023-05-02', '_(0T3aodr9', 'https://picsum.photos/200/300?random=921');
INSERT INTO user(username, bio, join_date, password, profile_picture) VALUES ('courtneymaldonado', 'Assume get situation capital.', '2020-10-13', '2_Jvr2S&)x', 'https://picsum.photos/200/300?random=80');
INSERT INTO user(username, bio, join_date, password, profile_picture) VALUES ('brandonchang', 'Whose property.', '2022-08-20', '$2$A8Fifc2', 'https://picsum.photos/200/300?random=207');
INSERT INTO user(username, bio, join_date, password, profile_picture) VALUES ('mjohnson', 'Person partner choose.', '2020-02-29', 'SXzS%M$g^5', 'https://picsum.photos/200/300?random=927');
INSERT INTO user(username, bio, join_date, password, profile_picture) VALUES ('erinjames', 'Entire meeting explain.', '2020-02-12', 'rr1#6Hl+GA', 'https://picsum.photos/200/300?random=492');
INSERT INTO user(username, bio, join_date, password, profile_picture) VALUES ('brittany13', 'Husband old.', '2023-10-18', 'li6l4Vzw^(', 'https://picsum.photos/200/300?random=516');
INSERT INTO user(username, bio, join_date, password, profile_picture) VALUES ('harry71', 'Of past.', '2020-12-20', 'un50QiE8#0', 'https://picsum.photos/200/300?random=496');
INSERT INTO user(username, bio, join_date, password, profile_picture) VALUES ('stewartchristina', 'Wind level.', '2023-04-30', '!)Cak2bYz7', 'https://picsum.photos/200/300?random=964');
INSERT INTO user(username, bio, join_date, password, profile_picture) VALUES ('wagnerdavid', 'Another break thing.', '2021-02-09', '_9RT!2zlVA', 'https://picsum.photos/200/300?random=366');
INSERT INTO user(username, bio, join_date, password, profile_picture) VALUES ('jgarcia', 'Way rule stop.', '2021-10-09', '5!HCdbbr_B', 'https://picsum.photos/200/300?random=723');
INSERT INTO user(username, bio, join_date, password, profile_picture) VALUES ('angelacalhoun', 'Popular.', '2022-03-13', '^P3*0Rlk##', 'https://picsum.photos/200/300?random=274');
INSERT INTO user(username, bio, join_date, password, profile_picture) VALUES ('michael57', 'Room tree.', '2022-05-17', '+5mZm1Dc#n', 'https://picsum.photos/200/300?random=773');
INSERT INTO user(username, bio, join_date, password, profile_picture) VALUES ('emily06', 'Brother couple.', '2022-04-06', '@1AugGq1O8', 'https://picsum.photos/200/300?random=56');
INSERT INTO user(username, bio, join_date, password, profile_picture) VALUES ('stephanie87', 'Down data across.', '2023-12-12', 'N*2K8IhaX8', 'https://picsum.photos/200/300?random=393');
INSERT INTO user(username, bio, join_date, password, profile_picture) VALUES ('sloanapril', 'Development he course.', '2021-02-10', 'hMT7h7&u+8', 'https://picsum.photos/200/300?random=170');
INSERT INTO user(username, bio, join_date, password, profile_picture) VALUES ('ctran', 'Music benefit.', '2021-05-01', 'pJN01mEn%i', 'https://picsum.photos/200/300?random=247');
INSERT INTO user(username, bio, join_date, password, profile_picture) VALUES ('leewendy', 'Adult plan together.', '2022-10-28', '@3G4$ai_hN', 'https://picsum.photos/200/300?random=852');
INSERT INTO user(username, bio, join_date, password, profile_picture) VALUES ('dglover', 'Occur.', '2020-06-12', 'F5%(6NDzHD', 'https://picsum.photos/200/300?random=850');
INSERT INTO user(username, bio, join_date, password, profile_picture) VALUES ('johnfisher', 'Five require example.', '2022-10-20', '7#606^xHMI', 'https://picsum.photos/200/300?random=250');
INSERT INTO user(username, bio, join_date, password, profile_picture) VALUES ('johnsonkathleen', 'Beat take able force.', '2021-04-01', 'S6MIUSkC@r', 'https://picsum.photos/200/300?random=829');
INSERT INTO user(username, bio, join_date, password, profile_picture) VALUES ('shelby84', 'Perhaps firm condition somebody.', '2022-05-09', 'r)3TtBB6__', 'https://picsum.photos/200/300?random=940');
INSERT INTO user(username, bio, join_date, password, profile_picture) VALUES ('ybenson', 'Close employee.', '2024-04-22', '(2BAf2Vk@!', 'https://picsum.photos/200/300?random=527');
INSERT INTO user(username, bio, join_date, password, profile_picture) VALUES ('coxbrian', 'Vote.', '2023-04-10', '%^AHGGidV7', 'https://picsum.photos/200/300?random=625');
INSERT INTO user(username, bio, join_date, password, profile_picture) VALUES ('yolanda71', 'Environmental past everything.', '2020-01-13', '&MJ+3MkD^$', 'https://picsum.photos/200/300?random=118');
INSERT INTO user(username, bio, join_date, password, profile_picture) VALUES ('avilajohn', 'Series.', '2022-05-18', '%TXy&kS1H8', 'https://picsum.photos/200/300?random=526');
INSERT INTO user(username, bio, join_date, password, profile_picture) VALUES ('josephgonzalez', 'Together campaign east.', '2023-03-20', '$2uJNMaye9', 'https://picsum.photos/200/300?random=767');
INSERT INTO user(username, bio, join_date, password, profile_picture) VALUES ('robertserrano', 'Control rule.', '2021-02-13', '#1%hOks9r+', 'https://picsum.photos/200/300?random=419');
INSERT INTO user(username, bio, join_date, password, profile_picture) VALUES ('brianroberts', 'Teacher scene.', '2021-03-13', '#1th#^OkK(', 'https://picsum.photos/200/300?random=774');
INSERT INTO user(username, bio, join_date, password, profile_picture) VALUES ('andrew55', 'Statement billion.', '2020-02-01', 'Ikx1D$XqM_', 'https://picsum.photos/200/300?random=38');
INSERT INTO user(username, bio, join_date, password, profile_picture) VALUES ('pcuevas', 'Doctor pick dark.', '2021-09-23', '75)UUjxS!+', 'https://picsum.photos/200/300?random=711');
INSERT INTO user(username, bio, join_date, password, profile_picture) VALUES ('dhall', 'Perhaps huge.', '2022-03-21', '&3)qWJzUWi', 'https://picsum.photos/200/300?random=172');
INSERT INTO user(username, bio, join_date, password, profile_picture) VALUES ('robertanthony', 'Recently good remember.', '2021-07-28', '!CJ4C%atC@', 'https://picsum.photos/200/300?random=420');
INSERT INTO user(username, bio, join_date, password, profile_picture) VALUES ('angelataylor', 'Enjoy dark.', '2020-04-29', 'e*p4x6Upy!', 'https://picsum.photos/200/300?random=455');
INSERT INTO user(username, bio, join_date, password, profile_picture) VALUES ('michellesandoval', 'Important arrive.', '2023-12-25', 'o6ovnUU&#x', 'https://picsum.photos/200/300?random=778');
INSERT INTO user(username, bio, join_date, password, profile_picture) VALUES ('jgreen', 'Director read.', '2020-12-28', '&Bmj3HbYV7', 'https://picsum.photos/200/300?random=479');
INSERT INTO user(username, bio, join_date, password, profile_picture) VALUES ('eric23', 'Teach picture billion.', '2023-03-19', '0n)g5OLs*x', 'https://picsum.photos/200/300?random=169');
INSERT INTO user(username, bio, join_date, password, profile_picture) VALUES ('gregory20', 'Challenge training or.', '2023-09-24', 'q5y91SNe^(', 'https://picsum.photos/200/300?random=737');
INSERT INTO user(username, bio, join_date, password, profile_picture) VALUES ('jacqueline68', 'Deal heart human.', '2020-01-17', '$KXm%yQEQ6', 'https://picsum.photos/200/300?random=607');
INSERT INTO user(username, bio, join_date, password, profile_picture) VALUES ('daltonnoble', 'End two network.', '2023-03-20', 'Z#6Sia1by9', 'https://picsum.photos/200/300?random=139');
INSERT INTO user(username, bio, join_date, password, profile_picture) VALUES ('evansjennifer', 'Management less.', '2022-03-03', 'oLUZvXm!#0', 'https://picsum.photos/200/300?random=930');
INSERT INTO user(username, bio, join_date, password, profile_picture) VALUES ('diamondperez', 'Financial room onto thank.', '2022-10-11', 'B$r8Urb%*P', 'https://picsum.photos/200/300?random=684');
INSERT INTO user(username, bio, join_date, password, profile_picture) VALUES ('cfitzgerald', 'Him remain where.', '2021-05-17', '25(Yd*Fq^7', 'https://picsum.photos/200/300?random=489');
INSERT INTO user(username, bio, join_date, password, profile_picture) VALUES ('antoniopowers', 'Though dog food.', '2022-06-01', '22RHz+yA)M', 'https://picsum.photos/200/300?random=820');
INSERT INTO user(username, bio, join_date, password, profile_picture) VALUES ('seanburke', 'Speech country.', '2022-02-22', '^S2%@Sfzi*', 'https://picsum.photos/200/300?random=407');
INSERT INTO user(username, bio, join_date, password, profile_picture) VALUES ('mahoneytracey', 'Rather him strategy.', '2021-09-30', 'sY9n$Sz_f^', 'https://picsum.photos/200/300?random=290');
INSERT INTO user(username, bio, join_date, password, profile_picture) VALUES ('diane89', 'Thus thus.', '2020-10-13', '#1KPUCUUkl', 'https://picsum.photos/200/300?random=426');
INSERT INTO user(username, bio, join_date, password, profile_picture) VALUES ('sarah59', 'Early specific.', '2022-09-15', 'wKf+2Ccrmc', 'https://picsum.photos/200/300?random=930');
INSERT INTO user(username, bio, join_date, password, profile_picture) VALUES ('richard77', 'Perform method.', '2020-03-01', '3I4Zgm)k#*', 'https://picsum.photos/200/300?random=693');
INSERT INTO user(username, bio, join_date, password, profile_picture) VALUES ('fulleramanda', 'Development war.', '2021-04-18', '@hISze^Ir0', 'https://picsum.photos/200/300?random=201');
INSERT INTO user(username, bio, join_date, password, profile_picture) VALUES ('gabrielhernandez', 'Laugh majority tend.', '2024-03-24', '$3q6R8yrJ2', 'https://picsum.photos/200/300?random=692');
INSERT INTO user(username, bio, join_date, password, profile_picture) VALUES ('lambertwanda', 'Cut dark health.', '2020-04-25', 'vqPL45zt(5', 'https://picsum.photos/200/300?random=334');
INSERT INTO user(username, bio, join_date, password, profile_picture) VALUES ('david43', 'Face various people.', '2020-06-01', 'y55SuBrs+)', 'https://picsum.photos/200/300?random=54');
INSERT INTO user(username, bio, join_date, password, profile_picture) VALUES ('barberkrista', 'Make past fund again.', '2023-05-06', 't4B&Z1OkxO', 'https://picsum.photos/200/300?random=334');
INSERT INTO user(username, bio, join_date, password, profile_picture) VALUES ('charlesgonzales', 'Structure effect.', '2023-05-30', 'Z1ZXvl_y#Q', 'https://picsum.photos/200/300?random=83');
INSERT INTO user(username, bio, join_date, password, profile_picture) VALUES ('smithpenny', 'Federal.', '2020-07-17', '1aW0R*u2Z*', 'https://picsum.photos/200/300?random=729');
INSERT INTO user(username, bio, join_date, password, profile_picture) VALUES ('christopher63', 'Finish.', '2021-04-01', 'G5k@2BgxWj', 'https://picsum.photos/200/300?random=541');
INSERT INTO user(username, bio, join_date, password, profile_picture) VALUES ('ericporter', 'Suffer song.', '2022-07-26', '2#(HTPjg$L', 'https://picsum.photos/200/300?random=481');
INSERT INTO user(username, bio, join_date, password, profile_picture) VALUES ('franklintaylor', 'Reveal could.', '2023-08-08', '6z8IWmfPZ(', 'https://picsum.photos/200/300?random=598');
INSERT INTO user(username, bio, join_date, password, profile_picture) VALUES ('adodson', 'Mission entire ahead.', '2020-05-06', '*4inSTj%XD', 'https://picsum.photos/200/300?random=487');
INSERT INTO user(username, bio, join_date, password, profile_picture) VALUES ('lesliewoodward', 'Fast trade decide picture.', '2023-12-07', 'ALxf3UtzA&', 'https://picsum.photos/200/300?random=747');
INSERT INTO user(username, bio, join_date, password, profile_picture) VALUES ('paul52', 'Happen data.', '2020-11-25', 'O0mh4Yr@1)', 'https://picsum.photos/200/300?random=984');
INSERT INTO user(username, bio, join_date, password, profile_picture) VALUES ('wendy87', 'Rock go believe.', '2021-06-06', '4xS(jVOp^k', 'https://picsum.photos/200/300?random=277');
INSERT INTO user(username, bio, join_date, password, profile_picture) VALUES ('jonduffy', 'Defense plant.', '2022-03-07', '(aIFkj#u55', 'https://picsum.photos/200/300?random=373');
INSERT INTO user(username, bio, join_date, password, profile_picture) VALUES ('hernandezlucas', 'Traditional wife amount.', '2020-10-17', '465oSlv2$$', 'https://picsum.photos/200/300?random=118');
INSERT INTO user(username, bio, join_date, password, profile_picture) VALUES ('jose80', 'Explain we type.', '2024-04-26', '@MbN5bZkfc', 'https://picsum.photos/200/300?random=881');
INSERT INTO post(difficulty, name, publish_date, short_description, steps, time, author) VALUES ('easy', 'Act station show improve clear create write.', '2020-08-16', 'Growth every hear.', 'Foreign hair.', 23, 'jeffrey05');
INSERT INTO post(difficulty, name, publish_date, short_description, steps, time, author) VALUES ('medium', 'Memory to TV land.', '2021-10-22', 'Dinner a study soon.', 'Draw last.', 54, 'jeffrey05');
INSERT INTO post(difficulty, name, publish_date, short_description, steps, time, author) VALUES ('hard', 'Mother attention help night.', '2021-10-02', 'Congress child city memory.', 'Write opportunity themselves.', 53, 'jeffrey05');
INSERT INTO post(difficulty, name, publish_date, short_description, steps, time, author) VALUES ('medium', 'Style your experience foreign.', '2020-06-18', 'Consider follow.', 'Standard treat.', 28, 'jeffrey05');
INSERT INTO post(difficulty, name, publish_date, short_description, steps, time, author) VALUES ('medium', 'Course study card interest sure stock.', '2022-03-25', 'Feel side.', 'Box hope.', 114, 'jeffrey05');
INSERT INTO post(difficulty, name, publish_date, short_description, steps, time, author) VALUES ('easy', 'Per improve analysis not. Now national answer.', '2021-07-21', 'Congress detail none.', 'Necessary expect.', 40, 'jeffrey05');
INSERT INTO post(difficulty, name, publish_date, short_description, steps, time, author) VALUES ('hard', 'Place person right specific PM indeed policy add.', '2020-02-28', 'Item moment within.', 'Animal stay feel.', 114, 'jeffrey05');
INSERT INTO post(difficulty, name, publish_date, short_description, steps, time, author) VALUES ('easy', 'Possible development recently here suddenly.', '2021-09-19', 'Tell ago.', 'Figure sport.', 43, 'jeffrey05');
INSERT INTO post(difficulty, name, publish_date, short_description, steps, time, author) VALUES ('easy', 'Hand form cost century movie.', '2024-03-11', 'If decade.', 'Election.', 59, 'jeffrey05');
INSERT INTO post(difficulty, name, publish_date, short_description, steps, time, author) VALUES ('easy', 'Real add respond change.', '2020-09-09', 'Democratic majority dog.', 'Address happen southern.', 11, 'jeffrey05');
INSERT INTO post(difficulty, name, publish_date, short_description, steps, time, author) VALUES ('easy', 'Give off life risk ten like.', '2021-06-24', 'Indeed test record.', 'Organization station budget.', 75, 'wlopez');
INSERT INTO post(difficulty, name, publish_date, short_description, steps, time, author) VALUES ('easy', 'Up country door show issue task.', '2022-04-24', 'Act.', 'Really fight like.', 59, 'wlopez');
INSERT INTO post(difficulty, name, publish_date, short_description, steps, time, author) VALUES ('medium', 'Career church mean spring pressure pick.', '2020-01-22', 'Decade analysis.', 'Beautiful challenge whom.', 28, 'wlopez');
INSERT INTO post(difficulty, name, publish_date, short_description, steps, time, author) VALUES ('easy', 'Hit consumer great great behind star.', '2021-12-01', 'Old anyone stage.', 'Candidate.', 79, 'wlopez');
INSERT INTO post(difficulty, name, publish_date, short_description, steps, time, author) VALUES ('medium', 'Western class address maintain.', '2020-12-08', 'School whole.', 'Beautiful financial fact.', 40, 'wlopez');
INSERT INTO post(difficulty, name, publish_date, short_description, steps, time, author) VALUES ('easy', 'Capital different get account black.', '2023-10-20', 'Teacher.', 'Beautiful cup.', 43, 'wlopez');
INSERT INTO post(difficulty, name, publish_date, short_description, steps, time, author) VALUES ('easy', 'Miss suffer finally relate loss stuff past.', '2021-05-16', 'Mr next mission.', 'All arrive type.', 97, 'wlopez');
INSERT INTO post(difficulty, name, publish_date, short_description, steps, time, author) VALUES ('easy', 'Hard somebody age half represent likely writer.', '2020-07-13', 'Something sense.', 'List true look both.', 55, 'wlopez');
INSERT INTO post(difficulty, name, publish_date, short_description, steps, time, author) VALUES ('easy', 'Station only office music allow who beautiful.', '2021-03-25', 'Down plan realize.', 'Drop week.', 33, 'wlopez');
INSERT INTO post(difficulty, name, publish_date, short_description, steps, time, author) VALUES ('medium', 'Expert dog word stand.', '2021-01-07', 'Movie.', 'Practice table between two.', 56, 'wlopez');
INSERT INTO post(difficulty, name, publish_date, short_description, steps, time, author) VALUES ('hard', 'Change appear husband election full.', '2023-02-03', 'Six.', 'Local sort country.', 95, 'daltonamy');
INSERT INTO post(difficulty, name, publish_date, short_description, steps, time, author) VALUES ('hard', 'Them information hit skill husband owner.', '2021-08-18', 'Yet although never detail.', 'Team affect item you.', 31, 'daltonamy');
INSERT INTO post(difficulty, name, publish_date, short_description, steps, time, author) VALUES ('hard', 'Scene paper pull message attorney speech.', '2022-10-18', 'Democrat threat.', 'Common see wife.', 95, 'daltonamy');
INSERT INTO post(difficulty, name, publish_date, short_description, steps, time, author) VALUES ('easy', 'Attention my consumer lawyer number true morning.', '2021-07-17', 'Accept mission.', 'Natural reason possible.', 84, 'daltonamy');
INSERT INTO post(difficulty, name, publish_date, short_description, steps, time, author) VALUES ('medium', 'Among whose explain relate life each.', '2020-03-15', 'Interest pull continue everybody.', 'Trouble situation.', 72, 'daltonamy');
INSERT INTO post(difficulty, name, publish_date, short_description, steps, time, author) VALUES ('easy', 'Question prevent item test.', '2022-12-17', 'Pay room marriage.', 'North get threat.', 24, 'daltonamy');
INSERT INTO post(difficulty, name, publish_date, short_description, steps, time, author) VALUES ('easy', 'Mean item key everybody. National put though.', '2020-10-03', 'Effort whether.', 'Serve reach coach.', 86, 'daltonamy');
INSERT INTO post(difficulty, name, publish_date, short_description, steps, time, author) VALUES ('easy', 'Anyone night how instead his air site.', '2023-02-24', 'Expert issue.', 'Guy media.', 112, 'daltonamy');
INSERT INTO post(difficulty, name, publish_date, short_description, steps, time, author) VALUES ('hard', 'Fear show rich language eat difference identify.', '2020-12-11', 'Fly party participant.', 'News environment.', 37, 'daltonamy');
INSERT INTO post(difficulty, name, publish_date, short_description, steps, time, author) VALUES ('hard', 'Oil tend environmental north.', '2022-02-12', 'Political party shoulder.', 'Let forget travel.', 57, 'daltonamy');
INSERT INTO post(difficulty, name, publish_date, short_description, steps, time, author) VALUES ('easy', 'Speak may interesting design send night.', '2021-10-27', 'Else Mr eight.', 'Recognize look.', 40, 'xmendez');
INSERT INTO post(difficulty, name, publish_date, short_description, steps, time, author) VALUES ('medium', 'Remain pay almost follow stuff sense year.', '2023-08-05', 'Benefit crime.', 'Physical food notice.', 79, 'xmendez');
INSERT INTO post(difficulty, name, publish_date, short_description, steps, time, author) VALUES ('medium', 'Enough away shoulder learn pay wish.', '2023-06-03', 'On close.', 'Ahead can wide realize.', 21, 'xmendez');
INSERT INTO post(difficulty, name, publish_date, short_description, steps, time, author) VALUES ('hard', 'Should about mention put body degree per.', '2021-11-05', 'Wife candidate member.', 'Pass produce.', 30, 'xmendez');
INSERT INTO post(difficulty, name, publish_date, short_description, steps, time, author) VALUES ('easy', 'Tend lead attention goal meet mention treatment.', '2024-04-01', 'Become serve.', 'Worry product.', 83, 'xmendez');
INSERT INTO post(difficulty, name, publish_date, short_description, steps, time, author) VALUES ('medium', 'Local read hair issue.', '2022-06-29', 'Green success.', 'Determine capital speak.', 120, 'xmendez');
INSERT INTO post(difficulty, name, publish_date, short_description, steps, time, author) VALUES ('medium', 'Form capital less economy.', '2022-03-28', 'Everyone response show.', 'Third.', 51, 'xmendez');
INSERT INTO post(difficulty, name, publish_date, short_description, steps, time, author) VALUES ('medium', 'Create stock face him. Sense above ask.', '2021-04-30', 'They happy job instead.', 'Officer mission five.', 101, 'xmendez');
INSERT INTO post(difficulty, name, publish_date, short_description, steps, time, author) VALUES ('easy', 'Another around hear our.', '2023-07-09', 'Develop color.', 'Thus shake claim.', 114, 'xmendez');
INSERT INTO post(difficulty, name, publish_date, short_description, steps, time, author) VALUES ('easy', 'Indeed dog owner tonight fund compare.', '2024-01-14', 'Letter.', 'Happen.', 112, 'xmendez');
INSERT INTO post(difficulty, name, publish_date, short_description, steps, time, author) VALUES ('medium', 'Company million reason dark against case fear.', '2020-09-30', 'Man company.', 'Nor century.', 96, 'sarahgonzalez');
INSERT INTO post(difficulty, name, publish_date, short_description, steps, time, author) VALUES ('hard', 'Beautiful rest guess pretty learn agent unit.', '2022-05-12', 'Investment process catch.', 'Growth million huge.', 107, 'sarahgonzalez');
INSERT INTO post(difficulty, name, publish_date, short_description, steps, time, author) VALUES ('medium', 'Health common article interest plan produce.', '2023-07-30', 'Mrs.', 'Hard.', 36, 'sarahgonzalez');
INSERT INTO post(difficulty, name, publish_date, short_description, steps, time, author) VALUES ('medium', 'While better nothing soon effort.', '2021-06-29', 'Sister end answer.', 'Exist we.', 92, 'sarahgonzalez');
INSERT INTO post(difficulty, name, publish_date, short_description, steps, time, author) VALUES ('easy', 'Affect respond foreign always sense dog whose.', '2020-11-10', 'Turn change blood.', 'Within small.', 120, 'sarahgonzalez');
INSERT INTO post(difficulty, name, publish_date, short_description, steps, time, author) VALUES ('hard', 'Seven tell itself cut five.', '2020-11-08', 'Lay body.', 'Century national.', 84, 'sarahgonzalez');
INSERT INTO post(difficulty, name, publish_date, short_description, steps, time, author) VALUES ('easy', 'Public risk rich station purpose feeling growth.', '2020-05-12', 'Thing agreement remember.', 'Trouble whole.', 7, 'sarahgonzalez');
INSERT INTO post(difficulty, name, publish_date, short_description, steps, time, author) VALUES ('medium', 'Want fall military much leg rise.', '2022-09-06', 'Win now.', 'Hospital building without.', 17, 'sarahgonzalez');
INSERT INTO post(difficulty, name, publish_date, short_description, steps, time, author) VALUES ('medium', 'Move boy better perform.', '2023-07-14', 'On service.', 'But fall heart.', 65, 'sarahgonzalez');
INSERT INTO post(difficulty, name, publish_date, short_description, steps, time, author) VALUES ('easy', 'Gun foot perhaps play include standard.', '2023-12-21', 'Community thus.', 'Let top.', 112, 'sarahgonzalez');
INSERT INTO post(difficulty, name, publish_date, short_description, steps, time, author) VALUES ('hard', 'Remember across month future.', '2022-03-23', 'Return through.', 'Major good.', 64, 'catherinedavis');
INSERT INTO post(difficulty, name, publish_date, short_description, steps, time, author) VALUES ('easy', 'Half act strategy make order other.', '2023-02-04', 'Include.', 'Management others score.', 88, 'catherinedavis');
INSERT INTO post(difficulty, name, publish_date, short_description, steps, time, author) VALUES ('hard', 'Occur foreign under put such owner company.', '2022-06-05', 'Someone somebody.', 'Expert political.', 68, 'catherinedavis');
INSERT INTO post(difficulty, name, publish_date, short_description, steps, time, author) VALUES ('easy', 'Ability capital loss stop these.', '2021-11-10', 'Home answer public.', 'Free.', 108, 'catherinedavis');
INSERT INTO post(difficulty, name, publish_date, short_description, steps, time, author) VALUES ('medium', 'Five within section yet item.', '2022-07-04', 'Later travel hand.', 'Become.', 114, 'catherinedavis');
INSERT INTO post(difficulty, name, publish_date, short_description, steps, time, author) VALUES ('hard', 'Federal process that carry.', '2022-08-11', 'Exactly fill effect.', 'Experience hot civil.', 68, 'catherinedavis');
INSERT INTO post(difficulty, name, publish_date, short_description, steps, time, author) VALUES ('medium', 'Born threat pressure song agent.', '2021-05-28', 'Amount agreement similar.', 'World heavy professor.', 80, 'catherinedavis');
INSERT INTO post(difficulty, name, publish_date, short_description, steps, time, author) VALUES ('easy', 'Toward add fire set one nothing everything.', '2022-01-07', 'Hospital debate they future.', 'After.', 68, 'catherinedavis');
INSERT INTO post(difficulty, name, publish_date, short_description, steps, time, author) VALUES ('hard', 'History consumer PM foreign. Player light maybe.', '2021-09-05', 'Experience in argue.', 'Author fall color can.', 62, 'catherinedavis');
INSERT INTO post(difficulty, name, publish_date, short_description, steps, time, author) VALUES ('hard', 'Section young box area cause ok.', '2022-03-26', 'Everyone matter set.', 'Threat clearly trial.', 28, 'catherinedavis');
INSERT INTO post(difficulty, name, publish_date, short_description, steps, time, author) VALUES ('hard', 'Simple avoid hour capital.', '2023-09-29', 'Move however.', 'Green charge.', 67, 'larsonjohn');
INSERT INTO post(difficulty, name, publish_date, short_description, steps, time, author) VALUES ('medium', 'Blue animal require huge.', '2022-10-16', 'Class play.', 'Heart shake direction.', 39, 'larsonjohn');
INSERT INTO post(difficulty, name, publish_date, short_description, steps, time, author) VALUES ('hard', 'No whatever time suffer.', '2020-08-07', 'Require power dark.', 'Drug quite buy.', 72, 'larsonjohn');
INSERT INTO post(difficulty, name, publish_date, short_description, steps, time, author) VALUES ('hard', 'Degree sell next nature.', '2024-04-08', 'Business statement buy drop.', 'Black race writer.', 86, 'larsonjohn');
INSERT INTO post(difficulty, name, publish_date, short_description, steps, time, author) VALUES ('medium', 'Home vote this impact range.', '2023-12-18', 'Director remain seek.', 'Bill power evening.', 83, 'larsonjohn');
INSERT INTO post(difficulty, name, publish_date, short_description, steps, time, author) VALUES ('medium', 'Still during property board apply.', '2024-02-22', 'Style color data growth.', 'Break.', 69, 'larsonjohn');
INSERT INTO post(difficulty, name, publish_date, short_description, steps, time, author) VALUES ('easy', 'Concern current report back ever arm item here.', '2023-09-26', 'Life fear.', 'Value continue individual.', 89, 'larsonjohn');
INSERT INTO post(difficulty, name, publish_date, short_description, steps, time, author) VALUES ('medium', 'Because list southern over.', '2020-10-24', 'Serve stand him.', 'Majority near politics protect.', 67, 'larsonjohn');
INSERT INTO post(difficulty, name, publish_date, short_description, steps, time, author) VALUES ('medium', 'Two end think here the same course.', '2020-10-26', 'Bit student cost.', 'Cover peace.', 12, 'larsonjohn');
INSERT INTO post(difficulty, name, publish_date, short_description, steps, time, author) VALUES ('hard', 'Eight husband professional another bring include.', '2024-02-27', 'City get.', 'Wind miss alone professional.', 100, 'larsonjohn');
INSERT INTO post(difficulty, name, publish_date, short_description, steps, time, author) VALUES ('easy', 'Fall bring resource economy peace.', '2020-11-19', 'Which half.', 'Foot maybe.', 75, 'hevans');
INSERT INTO post(difficulty, name, publish_date, short_description, steps, time, author) VALUES ('medium', 'Ground environmental special nice center.', '2023-10-07', 'Ago situation coach save.', 'Smile could year.', 61, 'hevans');
INSERT INTO post(difficulty, name, publish_date, short_description, steps, time, author) VALUES ('easy', 'Half part above discussion. Get something each.', '2021-11-30', 'Her degree north.', 'Fly store.', 67, 'hevans');
INSERT INTO post(difficulty, name, publish_date, short_description, steps, time, author) VALUES ('easy', 'By mission anyone doctor as send.', '2020-11-28', 'Class region view.', 'Thus kitchen between.', 86, 'hevans');
INSERT INTO post(difficulty, name, publish_date, short_description, steps, time, author) VALUES ('hard', 'Full thing break unit Democrat.', '2020-07-26', 'Important pull manage.', 'Method simply prove.', 118, 'hevans');
INSERT INTO post(difficulty, name, publish_date, short_description, steps, time, author) VALUES ('easy', 'Seven among against drive agency inside.', '2022-06-23', 'Professor partner strategy.', 'Take statement.', 11, 'hevans');
INSERT INTO post(difficulty, name, publish_date, short_description, steps, time, author) VALUES ('easy', 'Moment Mrs bed I lay dinner quickly follow.', '2023-04-17', 'Because which his.', 'National special.', 42, 'hevans');
INSERT INTO post(difficulty, name, publish_date, short_description, steps, time, author) VALUES ('easy', 'Effect many walk.', '2021-09-26', 'Offer senior simple.', 'Mention.', 116, 'hevans');
INSERT INTO post(difficulty, name, publish_date, short_description, steps, time, author) VALUES ('medium', 'Provide avoid TV attack budget positive.', '2021-07-02', 'Share just traditional expect.', 'Music.', 89, 'hevans');
INSERT INTO post(difficulty, name, publish_date, short_description, steps, time, author) VALUES ('medium', 'Our service someone coach.', '2021-11-20', 'Show training audience huge.', 'Technology head.', 57, 'hevans');
INSERT INTO post(difficulty, name, publish_date, short_description, steps, time, author) VALUES ('medium', 'Arm discuss picture bar.', '2023-10-25', 'Tell usually.', 'Size green teach.', 32, 'rbradley');
INSERT INTO post(difficulty, name, publish_date, short_description, steps, time, author) VALUES ('medium', 'Move great support nature blood.', '2021-06-01', 'Pattern usually former.', 'Least.', 19, 'rbradley');
INSERT INTO post(difficulty, name, publish_date, short_description, steps, time, author) VALUES ('hard', 'Nature former challenge evidence.', '2021-12-13', 'Network factor.', 'Service short series.', 42, 'rbradley');
INSERT INTO post(difficulty, name, publish_date, short_description, steps, time, author) VALUES ('easy', 'Occur reach at kitchen top.', '2021-09-25', 'Raise statement military.', 'Car.', 112, 'rbradley');
INSERT INTO post(difficulty, name, publish_date, short_description, steps, time, author) VALUES ('easy', 'Mother never effort remember we.', '2024-04-07', 'Contain physical whom.', 'Understand.', 112, 'rbradley');
INSERT INTO post(difficulty, name, publish_date, short_description, steps, time, author) VALUES ('easy', 'Task close treat simple ground follow.', '2021-04-16', 'Hour skill.', 'Pay interesting choose.', 61, 'rbradley');
INSERT INTO post(difficulty, name, publish_date, short_description, steps, time, author) VALUES ('easy', 'Television boy side say policy reduce.', '2022-02-07', 'Pass spring.', 'Husband myself.', 96, 'rbradley');
INSERT INTO post(difficulty, name, publish_date, short_description, steps, time, author) VALUES ('hard', 'Factor such management wait adult team him.', '2021-11-15', 'Government yes find.', 'Feeling difference understand hospital.', 76, 'rbradley');
INSERT INTO post(difficulty, name, publish_date, short_description, steps, time, author) VALUES ('easy', 'Bag skill loss together.', '2023-07-15', 'Manage oil everybody.', 'Reduce security.', 83, 'rbradley');
INSERT INTO post(difficulty, name, publish_date, short_description, steps, time, author) VALUES ('medium', 'Old agent include nice.', '2020-02-26', 'Federal sort whole.', 'There week.', 22, 'rbradley');
INSERT INTO post(difficulty, name, publish_date, short_description, steps, time, author) VALUES ('easy', 'Lose court identify red machine whom less.', '2021-08-31', 'Million successful.', 'Sure measure.', 67, 'kellyadams');
INSERT INTO post(difficulty, name, publish_date, short_description, steps, time, author) VALUES ('hard', 'Show long key major others really evening.', '2021-10-03', 'From easy discuss fund.', 'Far figure land.', 42, 'kellyadams');
INSERT INTO post(difficulty, name, publish_date, short_description, steps, time, author) VALUES ('hard', 'Will our social commercial.', '2023-04-06', 'Blood inside.', 'Message firm community.', 30, 'kellyadams');
INSERT INTO post(difficulty, name, publish_date, short_description, steps, time, author) VALUES ('easy', 'Loss wall reach.', '2021-10-29', 'Too a any.', 'Medical discuss.', 34, 'kellyadams');
INSERT INTO post(difficulty, name, publish_date, short_description, steps, time, author) VALUES ('hard', 'Several condition protect mother partner bit.', '2022-04-20', 'Whose fact poor mention.', 'Per feeling generation.', 118, 'kellyadams');
INSERT INTO post(difficulty, name, publish_date, short_description, steps, time, author) VALUES ('medium', 'Cell painting way challenge all bill former.', '2020-11-11', 'Seek vote.', 'Perform their.', 98, 'kellyadams');
INSERT INTO post(difficulty, name, publish_date, short_description, steps, time, author) VALUES ('hard', 'Fire pay need provide.', '2022-11-07', 'Watch treatment wall.', 'Against tell.', 102, 'kellyadams');
INSERT INTO post(difficulty, name, publish_date, short_description, steps, time, author) VALUES ('hard', 'Make program enter.', '2021-01-19', 'Go raise also.', 'Property side.', 9, 'kellyadams');
INSERT INTO post(difficulty, name, publish_date, short_description, steps, time, author) VALUES ('hard', 'About must identify than.', '2020-01-27', 'Article cause.', 'Especially almost.', 74, 'kellyadams');
INSERT INTO post(difficulty, name, publish_date, short_description, steps, time, author) VALUES ('easy', 'Tough east create.', '2023-01-14', 'At soldier.', 'Movement.', 90, 'kellyadams');
INSERT INTO post(difficulty, name, publish_date, short_description, steps, time, author) VALUES ('medium', 'Court condition author may.', '2022-02-12', 'Glass space.', 'Issue suggest arrive.', 15, 'tiffany02');
INSERT INTO post(difficulty, name, publish_date, short_description, steps, time, author) VALUES ('easy', 'Price within toward century book seat pretty.', '2022-04-30', 'Improve.', 'Interesting machine stand.', 117, 'tiffany02');
INSERT INTO post(difficulty, name, publish_date, short_description, steps, time, author) VALUES ('hard', 'Pick themselves relationship wonder sea.', '2023-04-15', 'Describe worry.', 'Strategy firm.', 77, 'tiffany02');
INSERT INTO post(difficulty, name, publish_date, short_description, steps, time, author) VALUES ('hard', 'Wall high chair impact she executive discover.', '2020-08-12', 'Tv church difference or.', 'Poor skin whole.', 64, 'tiffany02');
INSERT INTO post(difficulty, name, publish_date, short_description, steps, time, author) VALUES ('easy', 'Style leg condition provide yeah Mrs quite first.', '2020-06-29', 'Force series.', 'Return do feeling in.', 97, 'tiffany02');
INSERT INTO post(difficulty, name, publish_date, short_description, steps, time, author) VALUES ('medium', 'Person ability end apply great message.', '2021-03-03', 'Owner whole run.', 'Good once anything firm.', 58, 'tiffany02');
INSERT INTO post(difficulty, name, publish_date, short_description, steps, time, author) VALUES ('easy', 'After deep enough happy happy left.', '2020-08-20', 'Of usually.', 'Thank machine strong term.', 46, 'tiffany02');
INSERT INTO post(difficulty, name, publish_date, short_description, steps, time, author) VALUES ('hard', 'Also voice material former cell.', '2022-11-20', 'Personal last attack.', 'Data small short.', 45, 'tiffany02');
INSERT INTO post(difficulty, name, publish_date, short_description, steps, time, author) VALUES ('hard', 'Year make able build.', '2021-07-05', 'Rich first.', 'Social cell back.', 9, 'tiffany02');
INSERT INTO post(difficulty, name, publish_date, short_description, steps, time, author) VALUES ('easy', 'Human color movement use road sure manager.', '2022-05-04', 'Available none.', 'Visit before.', 78, 'tiffany02');
INSERT INTO post(difficulty, name, publish_date, short_description, steps, time, author) VALUES ('hard', 'Her fund city begin should hour such.', '2020-12-01', 'Most strong send.', 'Cover coach.', 31, 'lmoore');
INSERT INTO post(difficulty, name, publish_date, short_description, steps, time, author) VALUES ('easy', 'Know radio especially present land realize stay.', '2024-01-07', 'Kind different.', 'Technology get easy.', 98, 'lmoore');
INSERT INTO post(difficulty, name, publish_date, short_description, steps, time, author) VALUES ('hard', 'If television young theory when left claim be.', '2020-04-12', 'Yes deal indeed.', 'Believe artist.', 11, 'lmoore');
INSERT INTO post(difficulty, name, publish_date, short_description, steps, time, author) VALUES ('hard', 'Happy defense ahead beat treat program.', '2020-04-02', 'Offer whole.', 'Face wonder nearly.', 5, 'lmoore');
INSERT INTO post(difficulty, name, publish_date, short_description, steps, time, author) VALUES ('medium', 'Door lead brother question any.', '2020-02-16', 'Girl middle.', 'Health lot.', 96, 'lmoore');
INSERT INTO post(difficulty, name, publish_date, short_description, steps, time, author) VALUES ('hard', 'Property low argue since dinner nature past.', '2021-03-24', 'Design.', 'Carry throw campaign.', 68, 'lmoore');
INSERT INTO post(difficulty, name, publish_date, short_description, steps, time, author) VALUES ('easy', 'Can program remain still red.', '2020-05-25', 'Million wonder.', 'Attention then environment.', 42, 'lmoore');
INSERT INTO post(difficulty, name, publish_date, short_description, steps, time, author) VALUES ('medium', 'And lead simple range final main.', '2021-04-18', 'Place material follow.', 'Boy respond.', 54, 'lmoore');
INSERT INTO post(difficulty, name, publish_date, short_description, steps, time, author) VALUES ('hard', 'Scientist off police hotel kind want each.', '2020-06-20', 'Ever our ok.', 'Grow list.', 6, 'lmoore');
INSERT INTO post(difficulty, name, publish_date, short_description, steps, time, author) VALUES ('easy', 'Church reach control more.', '2024-01-03', 'Plant phone.', 'Such media situation.', 65, 'lmoore');
INSERT INTO post(difficulty, name, publish_date, short_description, steps, time, author) VALUES ('medium', 'Lot offer especially ten process.', '2023-04-14', 'Own.', 'General draw page.', 100, 'carol66');
INSERT INTO post(difficulty, name, publish_date, short_description, steps, time, author) VALUES ('hard', 'Perhaps buy sing natural which want.', '2023-09-24', 'Join better man.', 'Fear center drug.', 18, 'carol66');
INSERT INTO post(difficulty, name, publish_date, short_description, steps, time, author) VALUES ('medium', 'Hot exactly kind hold. Use woman painting start.', '2020-03-13', 'Civil health keep.', 'Whether character.', 100, 'carol66');
INSERT INTO post(difficulty, name, publish_date, short_description, steps, time, author) VALUES ('medium', 'These add forget support party.', '2024-04-29', 'Husband hard attorney if.', 'Article college.', 68, 'carol66');
INSERT INTO post(difficulty, name, publish_date, short_description, steps, time, author) VALUES ('easy', 'Least area arm dream capital.', '2022-01-16', 'Maintain fight.', 'Option allow various.', 45, 'carol66');
INSERT INTO post(difficulty, name, publish_date, short_description, steps, time, author) VALUES ('medium', 'Since form put fine area. Government dark level.', '2021-09-28', 'Red thousand even.', 'Against similar night.', 83, 'carol66');
INSERT INTO post(difficulty, name, publish_date, short_description, steps, time, author) VALUES ('medium', 'Design raise indeed across bag why.', '2021-06-07', 'Suggest along establish.', 'She four senior among.', 97, 'carol66');
INSERT INTO post(difficulty, name, publish_date, short_description, steps, time, author) VALUES ('easy', 'Student everybody who.', '2022-05-10', 'Up.', 'Probably gun.', 116, 'carol66');
INSERT INTO post(difficulty, name, publish_date, short_description, steps, time, author) VALUES ('medium', 'Bit provide discover.', '2021-05-25', 'Condition speak.', 'From radio discussion.', 95, 'carol66');
INSERT INTO post(difficulty, name, publish_date, short_description, steps, time, author) VALUES ('medium', 'Raise edge head leg.', '2020-07-23', 'One whatever along.', 'Range everyone staff.', 82, 'carol66');
INSERT INTO post(difficulty, name, publish_date, short_description, steps, time, author) VALUES ('easy', 'Be girl establish themselves pass control cell.', '2022-03-06', 'Quickly gun.', 'Indicate customer.', 109, 'mitchell02');
INSERT INTO post(difficulty, name, publish_date, short_description, steps, time, author) VALUES ('hard', 'Side program game catch law.', '2023-05-06', 'Rise reason.', 'Sister region.', 37, 'mitchell02');
INSERT INTO post(difficulty, name, publish_date, short_description, steps, time, author) VALUES ('medium', 'Only employee why month side Mrs property.', '2020-06-29', 'Class pull.', 'Affect attack later.', 70, 'mitchell02');
INSERT INTO post(difficulty, name, publish_date, short_description, steps, time, author) VALUES ('easy', 'Buy party simply several agreement energy.', '2020-12-15', 'Customer down.', 'Especially argue Republican.', 111, 'mitchell02');
INSERT INTO post(difficulty, name, publish_date, short_description, steps, time, author) VALUES ('easy', 'Official tonight west until from.', '2022-11-12', 'Discussion happen.', 'Why job north.', 16, 'mitchell02');
INSERT INTO post(difficulty, name, publish_date, short_description, steps, time, author) VALUES ('easy', 'Of force check throughout continue left.', '2023-07-03', 'Expert.', 'Owner city international.', 112, 'mitchell02');
INSERT INTO post(difficulty, name, publish_date, short_description, steps, time, author) VALUES ('medium', 'Skill another radio me high likely nearly.', '2023-03-09', 'Central wide grow.', 'Pull thousand security.', 93, 'mitchell02');
INSERT INTO post(difficulty, name, publish_date, short_description, steps, time, author) VALUES ('medium', 'Enjoy about everyone under capital rich.', '2021-09-16', 'Travel until.', 'Media game indicate.', 66, 'mitchell02');
INSERT INTO post(difficulty, name, publish_date, short_description, steps, time, author) VALUES ('medium', 'Court man agent sister paper alone.', '2021-07-19', 'Protect where.', 'Feel everybody.', 25, 'mitchell02');
INSERT INTO post(difficulty, name, publish_date, short_description, steps, time, author) VALUES ('easy', 'Coach drive great election.', '2023-08-28', 'Require floor.', 'According plant.', 20, 'mitchell02');
INSERT INTO post(difficulty, name, publish_date, short_description, steps, time, author) VALUES ('hard', 'Race back push allow wish.', '2021-07-17', 'Agency office.', 'Final any newspaper.', 14, 'phillip26');
INSERT INTO post(difficulty, name, publish_date, short_description, steps, time, author) VALUES ('hard', 'Reveal door quite new something leg.', '2022-05-22', 'Whole seven.', 'Apply parent tough.', 105, 'phillip26');
INSERT INTO post(difficulty, name, publish_date, short_description, steps, time, author) VALUES ('medium', 'Herself hard go guess expert.', '2020-01-25', 'Politics.', 'Professor concern.', 24, 'phillip26');
INSERT INTO post(difficulty, name, publish_date, short_description, steps, time, author) VALUES ('easy', 'Husband system eat itself or full information.', '2022-12-26', 'Site per year.', 'His century reveal.', 48, 'phillip26');
INSERT INTO post(difficulty, name, publish_date, short_description, steps, time, author) VALUES ('easy', 'Friend ground bed daughter. Cup term window.', '2022-03-28', 'Learn third.', 'Always from music.', 35, 'phillip26');
INSERT INTO post(difficulty, name, publish_date, short_description, steps, time, author) VALUES ('medium', 'Trip before bit radio shoulder.', '2020-01-25', 'Pull order decision.', 'Ahead oil.', 63, 'phillip26');
INSERT INTO post(difficulty, name, publish_date, short_description, steps, time, author) VALUES ('easy', 'Will similar even.', '2021-01-21', 'Accept.', 'Development campaign.', 9, 'phillip26');
INSERT INTO post(difficulty, name, publish_date, short_description, steps, time, author) VALUES ('easy', 'Statement treat style capital in.', '2023-10-04', 'Trade citizen.', 'Large on.', 5, 'phillip26');
INSERT INTO post(difficulty, name, publish_date, short_description, steps, time, author) VALUES ('medium', 'Trip per school work anyone.', '2021-11-29', 'Bed team.', 'Seek system physical.', 71, 'phillip26');
INSERT INTO post(difficulty, name, publish_date, short_description, steps, time, author) VALUES ('easy', 'More society appear direction test.', '2020-02-12', 'Determine war.', 'Peace bar.', 33, 'phillip26');
INSERT INTO post(difficulty, name, publish_date, short_description, steps, time, author) VALUES ('easy', 'Sport tax ground serious politics.', '2021-04-21', 'Voice citizen author.', 'For.', 59, 'dshaw');
INSERT INTO post(difficulty, name, publish_date, short_description, steps, time, author) VALUES ('medium', 'Nice nice government much next final.', '2023-11-11', 'Either at.', 'Be sound.', 27, 'dshaw');
INSERT INTO post(difficulty, name, publish_date, short_description, steps, time, author) VALUES ('easy', 'Discover else its none site.', '2020-03-24', 'Charge set.', 'Give recently stage.', 93, 'dshaw');
INSERT INTO post(difficulty, name, publish_date, short_description, steps, time, author) VALUES ('easy', 'Trial trade staff scientist wish case.', '2023-11-07', 'Former head assume.', 'Scene in ahead board.', 100, 'dshaw');
INSERT INTO post(difficulty, name, publish_date, short_description, steps, time, author) VALUES ('easy', 'Parent since owner discover enter bad.', '2023-02-02', 'Add north.', 'Whose religious agreement.', 21, 'dshaw');
INSERT INTO post(difficulty, name, publish_date, short_description, steps, time, author) VALUES ('hard', 'Trip physical success blood listen garden.', '2023-09-24', 'Perform a.', 'Listen surface police.', 95, 'dshaw');
INSERT INTO post(difficulty, name, publish_date, short_description, steps, time, author) VALUES ('easy', 'Tax describe where American author nor control.', '2023-04-16', 'Senior whom floor.', 'Natural exist television.', 94, 'dshaw');
INSERT INTO post(difficulty, name, publish_date, short_description, steps, time, author) VALUES ('hard', 'Although force within two positive right medical.', '2022-01-28', 'Buy realize rock.', 'Different later.', 60, 'dshaw');
INSERT INTO post(difficulty, name, publish_date, short_description, steps, time, author) VALUES ('hard', 'Serious wrong decide personal apply.', '2021-02-08', 'Responsibility drive marriage.', 'Road term.', 24, 'dshaw');
INSERT INTO post(difficulty, name, publish_date, short_description, steps, time, author) VALUES ('medium', 'One still beautiful fire health forget.', '2020-03-29', 'Anyone open.', 'Both statement child.', 112, 'dshaw');
INSERT INTO post(difficulty, name, publish_date, short_description, steps, time, author) VALUES ('easy', 'Able agree player drive everyone later officer.', '2020-07-23', 'Experience send.', 'Goal brother.', 97, 'jimenezjohn');
INSERT INTO post(difficulty, name, publish_date, short_description, steps, time, author) VALUES ('easy', 'Effect thought while central central something.', '2023-06-21', 'Star law.', 'Year customer subject.', 25, 'jimenezjohn');
INSERT INTO post(difficulty, name, publish_date, short_description, steps, time, author) VALUES ('medium', 'Her can us enough message other join.', '2020-08-26', 'Home sound near.', 'Often decade run.', 28, 'jimenezjohn');
INSERT INTO post(difficulty, name, publish_date, short_description, steps, time, author) VALUES ('hard', 'Artist all especially often bad behavior only.', '2022-04-05', 'Inside.', 'Only finish.', 79, 'jimenezjohn');
INSERT INTO post(difficulty, name, publish_date, short_description, steps, time, author) VALUES ('hard', 'Carry adult join you beat a power interest.', '2021-12-05', 'Market manager consumer.', 'Republican mention.', 62, 'jimenezjohn');
INSERT INTO post(difficulty, name, publish_date, short_description, steps, time, author) VALUES ('easy', 'Tend be at fact. But many forget national.', '2020-11-01', 'Member language.', 'Foot society.', 88, 'jimenezjohn');
INSERT INTO post(difficulty, name, publish_date, short_description, steps, time, author) VALUES ('easy', 'Same upon worker position language bar after.', '2021-01-02', 'Strategy painting.', 'Maintain leg need.', 118, 'jimenezjohn');
INSERT INTO post(difficulty, name, publish_date, short_description, steps, time, author) VALUES ('hard', 'Later house reduce unit instead.', '2020-05-16', 'Read happy feeling.', 'Listen either.', 79, 'jimenezjohn');
INSERT INTO post(difficulty, name, publish_date, short_description, steps, time, author) VALUES ('easy', 'Majority music financial church.', '2022-03-05', 'Crime meet wonder.', 'Life president movement.', 53, 'jimenezjohn');
INSERT INTO post(difficulty, name, publish_date, short_description, steps, time, author) VALUES ('easy', 'New ask certainly.', '2023-08-24', 'Support road.', 'Responsibility western work.', 90, 'jimenezjohn');
INSERT INTO post(difficulty, name, publish_date, short_description, steps, time, author) VALUES ('medium', 'Century moment list explain.', '2021-01-01', 'Sign available.', 'Reality any positive.', 108, 'bairdtiffany');
INSERT INTO post(difficulty, name, publish_date, short_description, steps, time, author) VALUES ('medium', 'Course concern past once hospital.', '2022-06-24', 'Couple lot.', 'Thing later.', 57, 'bairdtiffany');
INSERT INTO post(difficulty, name, publish_date, short_description, steps, time, author) VALUES ('easy', 'May this far main into yes fill.', '2022-05-23', 'Financial beyond us.', 'Age difference ask.', 66, 'bairdtiffany');
INSERT INTO post(difficulty, name, publish_date, short_description, steps, time, author) VALUES ('easy', 'Everybody rock history reflect argue six heavy.', '2023-10-04', 'Garden avoid subject.', 'Far travel.', 115, 'bairdtiffany');
INSERT INTO post(difficulty, name, publish_date, short_description, steps, time, author) VALUES ('hard', 'Rest store Democrat better owner kid offer.', '2023-11-27', 'Million become.', 'Top positive service.', 80, 'bairdtiffany');
INSERT INTO post(difficulty, name, publish_date, short_description, steps, time, author) VALUES ('hard', 'Course listen save however brother stand.', '2024-05-01', 'Month explain environment.', 'Determine participant.', 59, 'bairdtiffany');
INSERT INTO post(difficulty, name, publish_date, short_description, steps, time, author) VALUES ('medium', 'Gas such start.', '2020-07-03', 'Seven data or.', 'There you.', 69, 'bairdtiffany');
INSERT INTO post(difficulty, name, publish_date, short_description, steps, time, author) VALUES ('medium', 'Computer over director south people money.', '2020-11-13', 'Office data.', 'Determine different.', 93, 'bairdtiffany');
INSERT INTO post(difficulty, name, publish_date, short_description, steps, time, author) VALUES ('medium', 'Of him red already far.', '2023-10-11', 'Speak door father.', 'Discuss his.', 5, 'bairdtiffany');
INSERT INTO post(difficulty, name, publish_date, short_description, steps, time, author) VALUES ('easy', 'Cultural citizen a his later cell.', '2022-05-27', 'Sure vote.', 'Car food.', 89, 'bairdtiffany');
INSERT INTO post(difficulty, name, publish_date, short_description, steps, time, author) VALUES ('medium', 'West together his.', '2020-02-26', 'Ok choose thank.', 'Prepare.', 70, 'joseph72');
INSERT INTO post(difficulty, name, publish_date, short_description, steps, time, author) VALUES ('hard', 'Bad without front direction.', '2022-08-29', 'Minute whom billion.', 'Role line blood.', 83, 'joseph72');
INSERT INTO post(difficulty, name, publish_date, short_description, steps, time, author) VALUES ('easy', 'Anyone state kid.', '2023-08-16', 'Machine sense.', 'Leader claim loss.', 53, 'joseph72');
INSERT INTO post(difficulty, name, publish_date, short_description, steps, time, author) VALUES ('easy', 'Live choice friend effect in.', '2023-12-12', 'Site seat.', 'Thus happen.', 42, 'joseph72');
INSERT INTO post(difficulty, name, publish_date, short_description, steps, time, author) VALUES ('hard', 'Data price white economic training.', '2020-12-11', 'Education reality seem difference.', 'Whatever listen.', 58, 'joseph72');
INSERT INTO post(difficulty, name, publish_date, short_description, steps, time, author) VALUES ('medium', 'No edge new senior girl this.', '2020-06-19', 'Relationship fill.', 'Short character decade foreign.', 57, 'joseph72');
INSERT INTO post(difficulty, name, publish_date, short_description, steps, time, author) VALUES ('medium', 'Nor any matter quite kid remember.', '2022-05-05', 'Between stock.', 'Security trial ground system.', 101, 'joseph72');
INSERT INTO post(difficulty, name, publish_date, short_description, steps, time, author) VALUES ('hard', 'Also industry blood relate thus.', '2022-08-03', 'Career mission form.', 'Performance prove.', 15, 'joseph72');
INSERT INTO post(difficulty, name, publish_date, short_description, steps, time, author) VALUES ('hard', 'Radio guy bad at. Check seek foot so order.', '2024-03-12', 'Field learn couple.', 'Animal question.', 74, 'joseph72');
INSERT INTO post(difficulty, name, publish_date, short_description, steps, time, author) VALUES ('easy', 'Bar radio peace who.', '2021-05-09', 'Soon unit drive.', 'Really tough require.', 93, 'joseph72');
INSERT INTO post(difficulty, name, publish_date, short_description, steps, time, author) VALUES ('easy', 'Development cause general some action or.', '2021-02-20', 'Reveal culture.', 'Rather.', 109, 'klewis');
INSERT INTO post(difficulty, name, publish_date, short_description, steps, time, author) VALUES ('medium', 'Charge certain area yourself.', '2022-08-30', 'Page piece.', 'Store art nation.', 64, 'klewis');
INSERT INTO post(difficulty, name, publish_date, short_description, steps, time, author) VALUES ('hard', 'Money ready need.', '2020-08-24', 'I already.', 'Lay race.', 77, 'klewis');
INSERT INTO post(difficulty, name, publish_date, short_description, steps, time, author) VALUES ('medium', 'Upon lawyer religious nice memory upon.', '2020-04-20', 'Course claim.', 'Friend change.', 56, 'klewis');
INSERT INTO post(difficulty, name, publish_date, short_description, steps, time, author) VALUES ('hard', 'Wide could Democrat range.', '2022-07-02', 'Community state.', 'Arm fill onto.', 40, 'klewis');
INSERT INTO post(difficulty, name, publish_date, short_description, steps, time, author) VALUES ('medium', 'Professional news rule act part.', '2023-06-20', 'Town of.', 'Fast assume.', 86, 'klewis');
INSERT INTO post(difficulty, name, publish_date, short_description, steps, time, author) VALUES ('easy', 'Total police civil man year democratic law.', '2020-02-01', 'Break expect whether.', 'Site anything.', 16, 'klewis');
INSERT INTO post(difficulty, name, publish_date, short_description, steps, time, author) VALUES ('medium', 'Try think pick state example.', '2023-02-22', 'According.', 'Return teacher throughout college.', 26, 'klewis');
INSERT INTO post(difficulty, name, publish_date, short_description, steps, time, author) VALUES ('hard', 'Air grow instead anyone indicate.', '2023-10-19', 'Democrat represent.', 'Green cause may.', 93, 'klewis');
INSERT INTO post(difficulty, name, publish_date, short_description, steps, time, author) VALUES ('hard', 'Experience call whether fall.', '2020-08-11', 'First field.', 'Reduce federal.', 71, 'klewis');
INSERT INTO post(difficulty, name, publish_date, short_description, steps, time, author) VALUES ('easy', 'Rule should bank few author. Side cold rich.', '2023-12-30', 'Enter relate.', 'Part special test.', 76, 'wilsonmarie');
INSERT INTO post(difficulty, name, publish_date, short_description, steps, time, author) VALUES ('easy', 'That contain role process evidence.', '2023-05-25', 'Admit music.', 'Dark win yard.', 37, 'wilsonmarie');
INSERT INTO post(difficulty, name, publish_date, short_description, steps, time, author) VALUES ('hard', 'Activity realize suddenly collection figure.', '2022-03-01', 'Southern throw usually.', 'Wait must camera.', 57, 'wilsonmarie');
INSERT INTO post(difficulty, name, publish_date, short_description, steps, time, author) VALUES ('hard', 'Top ask watch meet organization history source.', '2021-02-19', 'Natural machine.', 'Across tree.', 52, 'wilsonmarie');
INSERT INTO post(difficulty, name, publish_date, short_description, steps, time, author) VALUES ('medium', 'Model finally to already.', '2020-03-17', 'Knowledge term.', 'Successful because us.', 18, 'wilsonmarie');
INSERT INTO post(difficulty, name, publish_date, short_description, steps, time, author) VALUES ('hard', 'Story season second short instead hold.', '2020-10-18', 'Back job from.', 'Include politics.', 10, 'wilsonmarie');
INSERT INTO post(difficulty, name, publish_date, short_description, steps, time, author) VALUES ('medium', 'Dinner gun point of note guy public.', '2021-02-21', 'Son direction.', 'Job.', 52, 'wilsonmarie');
INSERT INTO post(difficulty, name, publish_date, short_description, steps, time, author) VALUES ('hard', 'Decide woman clear arm plant.', '2020-10-07', 'Cover case bill.', 'Money simple hope.', 71, 'wilsonmarie');
INSERT INTO post(difficulty, name, publish_date, short_description, steps, time, author) VALUES ('hard', 'Right middle right like physical as throw.', '2022-01-10', 'Quite lay organization.', 'Tv second because.', 105, 'wilsonmarie');
INSERT INTO post(difficulty, name, publish_date, short_description, steps, time, author) VALUES ('hard', 'Treat especially again hair environment my.', '2022-01-07', 'Green thought.', 'Tough long else.', 75, 'wilsonmarie');
INSERT INTO post(difficulty, name, publish_date, short_description, steps, time, author) VALUES ('hard', 'Make hair wind floor.', '2022-06-11', 'Do western fight arm.', 'Contain ever.', 63, 'betty97');
INSERT INTO post(difficulty, name, publish_date, short_description, steps, time, author) VALUES ('medium', 'Be while lay peace arm. Language physical or.', '2021-10-16', 'Herself bed system.', 'Agency play use and.', 95, 'betty97');
INSERT INTO post(difficulty, name, publish_date, short_description, steps, time, author) VALUES ('medium', 'Wear tonight say school senior.', '2023-08-04', 'And year draw.', 'Rock.', 15, 'betty97');
INSERT INTO post(difficulty, name, publish_date, short_description, steps, time, author) VALUES ('medium', 'Style occur early not.', '2023-10-16', 'New.', 'Language receive art.', 94, 'betty97');
INSERT INTO post(difficulty, name, publish_date, short_description, steps, time, author) VALUES ('hard', 'Ahead season difference success situation.', '2023-07-04', 'Leave laugh fact.', 'Professor among.', 48, 'betty97');
INSERT INTO post(difficulty, name, publish_date, short_description, steps, time, author) VALUES ('easy', 'Quickly food focus moment sort else pay.', '2024-02-29', 'Tree into.', 'Southern end reflect see.', 56, 'betty97');
INSERT INTO post(difficulty, name, publish_date, short_description, steps, time, author) VALUES ('hard', 'There truth in to my name that.', '2020-10-20', 'Answer month.', 'Support close know.', 23, 'betty97');
INSERT INTO post(difficulty, name, publish_date, short_description, steps, time, author) VALUES ('hard', 'Professor capital natural mind first.', '2023-05-23', 'Health.', 'Skill available total.', 97, 'betty97');
INSERT INTO post(difficulty, name, publish_date, short_description, steps, time, author) VALUES ('easy', 'Tend century student court change. Home bit loss.', '2022-11-01', 'Financial place.', 'Bar whether easy hit.', 19, 'betty97');
INSERT INTO post(difficulty, name, publish_date, short_description, steps, time, author) VALUES ('medium', 'Beyond live yes behavior scientist boy.', '2024-05-03', 'Various ten.', 'Agree pressure.', 35, 'betty97');
INSERT INTO post(difficulty, name, publish_date, short_description, steps, time, author) VALUES ('hard', 'Peace nothing fish term.', '2021-08-19', 'Local teach room.', 'Why there.', 67, 'jennifer75');
INSERT INTO post(difficulty, name, publish_date, short_description, steps, time, author) VALUES ('medium', 'Final sister possible pick program claim scene.', '2021-12-12', 'Should total cover.', 'Spring than land.', 27, 'jennifer75');
INSERT INTO post(difficulty, name, publish_date, short_description, steps, time, author) VALUES ('hard', 'Anything ability foot late material tax.', '2023-05-12', 'Again need example conference.', 'Class it office.', 53, 'jennifer75');
INSERT INTO post(difficulty, name, publish_date, short_description, steps, time, author) VALUES ('medium', 'Near site seat manager evidence develop.', '2023-08-29', 'Attorney leader.', 'Last American for.', 82, 'jennifer75');
INSERT INTO post(difficulty, name, publish_date, short_description, steps, time, author) VALUES ('easy', 'Health campaign tree agreement upon page meeting.', '2023-12-13', 'Response agreement.', 'Important fall state.', 87, 'jennifer75');
INSERT INTO post(difficulty, name, publish_date, short_description, steps, time, author) VALUES ('hard', 'Full show food time meet true stop.', '2021-02-10', 'Research report thought.', 'Run this fight.', 15, 'jennifer75');
INSERT INTO post(difficulty, name, publish_date, short_description, steps, time, author) VALUES ('easy', 'Family to oil down section drug without them.', '2023-11-16', 'Black computer catch.', 'Toward.', 111, 'jennifer75');
INSERT INTO post(difficulty, name, publish_date, short_description, steps, time, author) VALUES ('medium', 'Unit everything life prepare.', '2021-04-27', 'Open nice wrong.', 'Series position offer.', 104, 'jennifer75');
INSERT INTO post(difficulty, name, publish_date, short_description, steps, time, author) VALUES ('easy', 'Fact theory wrong not trade side own.', '2021-08-12', 'Want third.', 'Program write.', 120, 'jennifer75');
INSERT INTO post(difficulty, name, publish_date, short_description, steps, time, author) VALUES ('hard', 'Almost campaign perform different back.', '2024-01-10', 'Nor.', 'Through past.', 118, 'jennifer75');
INSERT INTO post(difficulty, name, publish_date, short_description, steps, time, author) VALUES ('medium', 'Effect those together organization week firm.', '2023-10-03', 'One economy.', 'List mention.', 64, 'nicoledoyle');
INSERT INTO post(difficulty, name, publish_date, short_description, steps, time, author) VALUES ('medium', 'Serve radio pass more camera his.', '2020-11-11', 'Agree agent.', 'Already bar.', 37, 'nicoledoyle');
INSERT INTO post(difficulty, name, publish_date, short_description, steps, time, author) VALUES ('medium', 'Lot past order book whole management.', '2023-04-15', 'Between.', 'Apply day television.', 6, 'nicoledoyle');
INSERT INTO post(difficulty, name, publish_date, short_description, steps, time, author) VALUES ('medium', 'Air imagine treatment foot.', '2022-04-05', 'Nice including.', 'First significant professional.', 79, 'nicoledoyle');
INSERT INTO post(difficulty, name, publish_date, short_description, steps, time, author) VALUES ('easy', 'Prove find interesting keep example.', '2021-11-25', 'Start project.', 'Personal century.', 5, 'nicoledoyle');
INSERT INTO post(difficulty, name, publish_date, short_description, steps, time, author) VALUES ('medium', 'Admit support degree list within call.', '2023-10-05', 'Thus stay family.', 'Consumer soldier.', 15, 'nicoledoyle');
INSERT INTO post(difficulty, name, publish_date, short_description, steps, time, author) VALUES ('medium', 'Realize boy might any edge exactly star both.', '2021-12-27', 'Usually.', 'Treatment leg.', 77, 'nicoledoyle');
INSERT INTO post(difficulty, name, publish_date, short_description, steps, time, author) VALUES ('medium', 'Either can heart their.', '2020-03-31', 'Training same.', 'Girl back word.', 48, 'nicoledoyle');
INSERT INTO post(difficulty, name, publish_date, short_description, steps, time, author) VALUES ('easy', 'Add expert feeling. Allow determine stock.', '2024-02-01', 'Federal statement hour.', 'Professional social at management.', 58, 'nicoledoyle');
INSERT INTO post(difficulty, name, publish_date, short_description, steps, time, author) VALUES ('hard', 'Arrive stay as.', '2022-12-25', 'Hard.', 'And their community.', 31, 'nicoledoyle');
INSERT INTO post(difficulty, name, publish_date, short_description, steps, time, author) VALUES ('medium', 'Whom forget ability.', '2023-10-14', 'Work foot.', 'Fine sure whole.', 64, 'johnortiz');
INSERT INTO post(difficulty, name, publish_date, short_description, steps, time, author) VALUES ('medium', 'West court detail share color.', '2022-09-23', 'Mr international involve.', 'Even sport.', 68, 'johnortiz');
INSERT INTO post(difficulty, name, publish_date, short_description, steps, time, author) VALUES ('medium', 'Land together per star.', '2021-04-11', 'Program.', 'Seem best resource.', 95, 'johnortiz');
INSERT INTO post(difficulty, name, publish_date, short_description, steps, time, author) VALUES ('medium', 'Same car need great appear worry.', '2023-10-29', 'Eye table.', 'How method yeah.', 60, 'johnortiz');
INSERT INTO post(difficulty, name, publish_date, short_description, steps, time, author) VALUES ('easy', 'Beautiful trade growth. Experience series join.', '2024-04-02', 'National.', 'Chair pressure.', 33, 'johnortiz');
INSERT INTO post(difficulty, name, publish_date, short_description, steps, time, author) VALUES ('hard', 'Follow operation baby series.', '2022-04-21', 'Forward news want.', 'Accept citizen teacher.', 65, 'johnortiz');
INSERT INTO post(difficulty, name, publish_date, short_description, steps, time, author) VALUES ('medium', 'Free simply very social bill ever develop.', '2020-12-27', 'East later.', 'Sort several particular.', 33, 'johnortiz');
INSERT INTO post(difficulty, name, publish_date, short_description, steps, time, author) VALUES ('easy', 'Main then democratic team three face cell.', '2023-11-28', 'Final everybody.', 'Like teacher participant.', 110, 'johnortiz');
INSERT INTO post(difficulty, name, publish_date, short_description, steps, time, author) VALUES ('hard', 'Nature store hair avoid seven relationship.', '2020-07-05', 'Brother way peace.', 'Help reach.', 28, 'johnortiz');
INSERT INTO post(difficulty, name, publish_date, short_description, steps, time, author) VALUES ('easy', 'Institution book west score organization.', '2021-11-16', 'Really test.', 'Analysis including organization.', 105, 'johnortiz');
INSERT INTO post(difficulty, name, publish_date, short_description, steps, time, author) VALUES ('easy', 'Leg could particularly why why really put note.', '2022-07-31', 'Marriage quality.', 'Tree treat office.', 26, 'samantharichardson');
INSERT INTO post(difficulty, name, publish_date, short_description, steps, time, author) VALUES ('easy', 'Mention together foreign if.', '2020-06-29', 'Consider keep popular.', 'Right interest less.', 64, 'samantharichardson');
INSERT INTO post(difficulty, name, publish_date, short_description, steps, time, author) VALUES ('easy', 'Also surface say local. Deal matter computer.', '2023-08-24', 'Them full.', 'Reach general.', 19, 'samantharichardson');
INSERT INTO post(difficulty, name, publish_date, short_description, steps, time, author) VALUES ('hard', 'Third piece special thus officer wonder short.', '2020-08-03', 'Husband know certainly.', 'Worker score.', 102, 'samantharichardson');
INSERT INTO post(difficulty, name, publish_date, short_description, steps, time, author) VALUES ('hard', 'Stop their story third national drive very.', '2022-02-06', 'Job recently.', 'Boy four.', 43, 'samantharichardson');
INSERT INTO post(difficulty, name, publish_date, short_description, steps, time, author) VALUES ('hard', 'Dog chair imagine magazine at single.', '2022-03-01', 'Page teach learn.', 'Senior sense brother.', 89, 'samantharichardson');
INSERT INTO post(difficulty, name, publish_date, short_description, steps, time, author) VALUES ('hard', 'Choice cell like her.', '2020-07-19', 'Him increase me.', 'Trip win.', 13, 'samantharichardson');
INSERT INTO post(difficulty, name, publish_date, short_description, steps, time, author) VALUES ('medium', 'Against medical seem difficult case approach.', '2022-09-27', 'Fish each.', 'Seek.', 22, 'samantharichardson');
INSERT INTO post(difficulty, name, publish_date, short_description, steps, time, author) VALUES ('easy', 'Event soon others should.', '2020-03-18', 'Face choice affect.', 'Present have quite.', 59, 'samantharichardson');
INSERT INTO post(difficulty, name, publish_date, short_description, steps, time, author) VALUES ('medium', 'Fine management statement leave.', '2020-07-23', 'Week use image.', 'Election remain discover often.', 38, 'samantharichardson');
INSERT INTO post(difficulty, name, publish_date, short_description, steps, time, author) VALUES ('medium', 'Relationship popular join admit.', '2020-10-01', 'Church design fast.', 'Growth material responsibility.', 99, 'hardyolivia');
INSERT INTO post(difficulty, name, publish_date, short_description, steps, time, author) VALUES ('easy', 'I important high respond by.', '2023-12-29', 'From section until figure.', 'Face inside.', 115, 'hardyolivia');
INSERT INTO post(difficulty, name, publish_date, short_description, steps, time, author) VALUES ('easy', 'Look magazine forget difference.', '2022-05-06', 'Congress reach stuff.', 'Public thought.', 6, 'hardyolivia');
INSERT INTO post(difficulty, name, publish_date, short_description, steps, time, author) VALUES ('medium', 'Shoulder school trial point.', '2020-01-14', 'Dinner necessary upon.', 'International support.', 27, 'hardyolivia');
INSERT INTO post(difficulty, name, publish_date, short_description, steps, time, author) VALUES ('hard', 'White local foreign sign bad them start.', '2020-03-10', 'Occur identify.', 'Job.', 68, 'hardyolivia');
INSERT INTO post(difficulty, name, publish_date, short_description, steps, time, author) VALUES ('hard', 'Cell property we collection human wife.', '2023-02-17', 'Especially style sing.', 'Marriage room add.', 52, 'hardyolivia');
INSERT INTO post(difficulty, name, publish_date, short_description, steps, time, author) VALUES ('easy', 'Later process once help bill federal.', '2024-05-02', 'These form develop.', 'Ability lose.', 24, 'hardyolivia');
INSERT INTO post(difficulty, name, publish_date, short_description, steps, time, author) VALUES ('medium', 'Who support share sound election two southern.', '2023-09-17', 'Discussion.', 'Top avoid chair.', 90, 'hardyolivia');
INSERT INTO post(difficulty, name, publish_date, short_description, steps, time, author) VALUES ('medium', 'Trial call young toward these end.', '2020-03-29', 'Produce woman.', 'Although music answer up.', 17, 'hardyolivia');
INSERT INTO post(difficulty, name, publish_date, short_description, steps, time, author) VALUES ('medium', 'Almost enter evidence it fall piece floor.', '2024-04-22', 'Choose boy.', 'Table low support beyond.', 64, 'hardyolivia');
INSERT INTO post(difficulty, name, publish_date, short_description, steps, time, author) VALUES ('medium', 'Raise certain lay which their government.', '2022-01-09', 'Half front technology.', 'Free still.', 50, 'loridalton');
INSERT INTO post(difficulty, name, publish_date, short_description, steps, time, author) VALUES ('medium', 'Defense option himself contain bit let.', '2021-12-17', 'Deep include.', 'Available leave around.', 47, 'loridalton');
INSERT INTO post(difficulty, name, publish_date, short_description, steps, time, author) VALUES ('hard', 'Major treat indicate boy leave pass.', '2023-07-09', 'Raise upon.', 'Serve seven.', 87, 'loridalton');
INSERT INTO post(difficulty, name, publish_date, short_description, steps, time, author) VALUES ('easy', 'Question enjoy affect. Image sound prepare.', '2022-01-08', 'Give computer.', 'Group walk attack.', 14, 'loridalton');
INSERT INTO post(difficulty, name, publish_date, short_description, steps, time, author) VALUES ('medium', 'Among soon wife citizen company also.', '2023-11-24', 'Hold son through.', 'Development other away.', 49, 'loridalton');
INSERT INTO post(difficulty, name, publish_date, short_description, steps, time, author) VALUES ('hard', 'But big almost American blue campaign.', '2021-11-23', 'Election wear.', 'Although pull world.', 50, 'loridalton');
INSERT INTO post(difficulty, name, publish_date, short_description, steps, time, author) VALUES ('medium', 'Bill either buy who per free.', '2020-07-28', 'Range they type follow.', 'Cut window.', 11, 'loridalton');
INSERT INTO post(difficulty, name, publish_date, short_description, steps, time, author) VALUES ('easy', 'I education student sound. Nor science nor visit.', '2021-03-12', 'Involve might.', 'Open government.', 22, 'loridalton');
INSERT INTO post(difficulty, name, publish_date, short_description, steps, time, author) VALUES ('easy', 'Candidate government reason receive well.', '2020-03-02', 'Form kitchen.', 'These response front.', 25, 'loridalton');
INSERT INTO post(difficulty, name, publish_date, short_description, steps, time, author) VALUES ('easy', 'Everyone them notice physical yourself book her.', '2023-04-30', 'Hospital pattern.', 'Recognize body yeah.', 73, 'loridalton');
INSERT INTO post(difficulty, name, publish_date, short_description, steps, time, author) VALUES ('easy', 'Ok many condition pay law beyond then whole.', '2021-07-25', 'Room marriage no.', 'Bag task rest.', 9, 'debbie40');
INSERT INTO post(difficulty, name, publish_date, short_description, steps, time, author) VALUES ('easy', 'Treat last interest view. Be happen trouble any.', '2021-06-01', 'Same hard list.', 'My art remember.', 31, 'debbie40');
INSERT INTO post(difficulty, name, publish_date, short_description, steps, time, author) VALUES ('hard', 'Change beat sit because.', '2020-11-20', 'Yes former.', 'The production conference.', 33, 'debbie40');
INSERT INTO post(difficulty, name, publish_date, short_description, steps, time, author) VALUES ('medium', 'Program still system institution it choose least.', '2022-07-13', 'Hotel anything.', 'Performance city ahead create.', 74, 'debbie40');
INSERT INTO post(difficulty, name, publish_date, short_description, steps, time, author) VALUES ('easy', 'Home owner poor maintain yourself blue far.', '2022-06-29', 'Argue material serve.', 'Himself.', 21, 'debbie40');
INSERT INTO post(difficulty, name, publish_date, short_description, steps, time, author) VALUES ('medium', 'Far half stay speech million.', '2020-07-17', 'Act unit.', 'Member indeed.', 111, 'debbie40');
INSERT INTO post(difficulty, name, publish_date, short_description, steps, time, author) VALUES ('easy', 'Generation dark somebody he might executive.', '2024-02-26', 'Instead wide.', 'Billion military.', 15, 'debbie40');
INSERT INTO post(difficulty, name, publish_date, short_description, steps, time, author) VALUES ('easy', 'Too which nice live. Authority able seat carry.', '2021-06-05', 'Contain without week national.', 'Tv.', 43, 'debbie40');
INSERT INTO post(difficulty, name, publish_date, short_description, steps, time, author) VALUES ('easy', 'Possible ahead director media.', '2022-06-28', 'Shake course between.', 'Reason worker yeah.', 67, 'debbie40');
INSERT INTO post(difficulty, name, publish_date, short_description, steps, time, author) VALUES ('easy', 'Model heart pressure message you low hot entire.', '2022-11-15', 'Entire morning.', 'Bill continue data.', 87, 'debbie40');
INSERT INTO post(difficulty, name, publish_date, short_description, steps, time, author) VALUES ('medium', 'Entire population can response reflect I decade.', '2020-09-13', 'Check boy property.', 'Look general.', 114, 'kingdawn');
INSERT INTO post(difficulty, name, publish_date, short_description, steps, time, author) VALUES ('hard', 'Student pretty leave industry company.', '2021-10-30', 'Throughout condition like.', 'Professor agency.', 76, 'kingdawn');
INSERT INTO post(difficulty, name, publish_date, short_description, steps, time, author) VALUES ('medium', 'Name card allow physical during us provide.', '2023-11-30', 'Medical scene own.', 'Trade.', 37, 'kingdawn');
INSERT INTO post(difficulty, name, publish_date, short_description, steps, time, author) VALUES ('medium', 'Face computer thousand space send down.', '2020-04-11', 'Assume trip.', 'So yes.', 58, 'kingdawn');
INSERT INTO post(difficulty, name, publish_date, short_description, steps, time, author) VALUES ('easy', 'Better against soon cultural sit kind figure.', '2020-05-25', 'Sing walk.', 'National build.', 101, 'kingdawn');
INSERT INTO post(difficulty, name, publish_date, short_description, steps, time, author) VALUES ('easy', 'Stock grow company buy nearly.', '2023-10-30', 'Production activity hundred.', 'Message part.', 53, 'kingdawn');
INSERT INTO post(difficulty, name, publish_date, short_description, steps, time, author) VALUES ('hard', 'Strong memory piece think determine.', '2022-03-17', 'School identify likely.', 'Control line similar.', 71, 'kingdawn');
INSERT INTO post(difficulty, name, publish_date, short_description, steps, time, author) VALUES ('easy', 'Arm certainly nice they.', '2021-05-09', 'Million age matter.', 'Like control beat.', 30, 'kingdawn');
INSERT INTO post(difficulty, name, publish_date, short_description, steps, time, author) VALUES ('easy', 'Compare interest then avoid either shoulder.', '2024-01-24', 'Too least.', 'Church respond.', 118, 'kingdawn');
INSERT INTO post(difficulty, name, publish_date, short_description, steps, time, author) VALUES ('hard', 'Customer her source everyone reality along tough.', '2021-11-22', 'Under other.', 'Go let.', 117, 'kingdawn');
INSERT INTO post(difficulty, name, publish_date, short_description, steps, time, author) VALUES ('hard', 'Produce perhaps technology address.', '2023-02-01', 'Radio claim sing.', 'Also likely.', 84, 'seanhuffman');
INSERT INTO post(difficulty, name, publish_date, short_description, steps, time, author) VALUES ('easy', 'Head claim ahead husband.', '2023-03-07', 'Region improve order.', 'Question charge option.', 115, 'seanhuffman');
INSERT INTO post(difficulty, name, publish_date, short_description, steps, time, author) VALUES ('easy', 'Up agency third sea.', '2021-10-02', 'Another stage.', 'Production.', 78, 'seanhuffman');
INSERT INTO post(difficulty, name, publish_date, short_description, steps, time, author) VALUES ('medium', 'Show personal contain time and.', '2022-03-07', 'Ground decide.', 'Such teacher.', 82, 'seanhuffman');
INSERT INTO post(difficulty, name, publish_date, short_description, steps, time, author) VALUES ('medium', 'Single record employee today practice very owner.', '2021-11-19', 'Provide health shake.', 'Pay nation born.', 7, 'seanhuffman');
INSERT INTO post(difficulty, name, publish_date, short_description, steps, time, author) VALUES ('easy', 'Public sound red. Successful book sing.', '2020-11-06', 'Room she PM.', 'Recent bit finish.', 80, 'seanhuffman');
INSERT INTO post(difficulty, name, publish_date, short_description, steps, time, author) VALUES ('medium', 'Cover relate among.', '2020-11-18', 'Organization industry push.', 'Might rock.', 27, 'seanhuffman');
INSERT INTO post(difficulty, name, publish_date, short_description, steps, time, author) VALUES ('hard', 'Mrs fear yeah picture relate remain four within.', '2021-10-29', 'Remain development.', 'None all notice.', 48, 'seanhuffman');
INSERT INTO post(difficulty, name, publish_date, short_description, steps, time, author) VALUES ('easy', 'Purpose price majority political machine.', '2022-07-28', 'Water share officer language.', 'President trial beautiful.', 84, 'seanhuffman');
INSERT INTO post(difficulty, name, publish_date, short_description, steps, time, author) VALUES ('easy', 'Instead soldier option long.', '2020-01-14', 'Will.', 'You.', 46, 'seanhuffman');
INSERT INTO post(difficulty, name, publish_date, short_description, steps, time, author) VALUES ('easy', 'Interesting ok last within quite know value.', '2022-10-23', 'Area tree stay of.', 'Else network future.', 114, 'robert91');
INSERT INTO post(difficulty, name, publish_date, short_description, steps, time, author) VALUES ('easy', 'Or address back vote director several daughter.', '2022-05-13', 'Apply technology.', 'Thank none hair.', 69, 'robert91');
INSERT INTO post(difficulty, name, publish_date, short_description, steps, time, author) VALUES ('easy', 'Parent similar argue large feeling manager.', '2020-07-29', 'Participant pass more.', 'Buy reach try first.', 23, 'robert91');
INSERT INTO post(difficulty, name, publish_date, short_description, steps, time, author) VALUES ('hard', 'Ago system black expect.', '2023-10-05', 'Government service data.', 'Member various their.', 37, 'robert91');
INSERT INTO post(difficulty, name, publish_date, short_description, steps, time, author) VALUES ('medium', 'Car floor nothing couple form dream.', '2020-08-12', 'Commercial grow wide.', 'Store wife.', 36, 'robert91');
INSERT INTO post(difficulty, name, publish_date, short_description, steps, time, author) VALUES ('easy', 'Around myself fire organization edge factor its.', '2023-11-17', 'Plant piece music.', 'Visit room two official.', 53, 'robert91');
INSERT INTO post(difficulty, name, publish_date, short_description, steps, time, author) VALUES ('easy', 'Food international form few.', '2020-03-01', 'Close.', 'Feel institution.', 38, 'robert91');
INSERT INTO post(difficulty, name, publish_date, short_description, steps, time, author) VALUES ('hard', 'Bring close home again past role include.', '2020-06-11', 'Together surface.', 'Special ball.', 79, 'robert91');
INSERT INTO post(difficulty, name, publish_date, short_description, steps, time, author) VALUES ('easy', 'Major moment buy popular. Claim authority plant.', '2020-10-25', 'Few compare learn.', 'About mean season.', 42, 'robert91');
INSERT INTO post(difficulty, name, publish_date, short_description, steps, time, author) VALUES ('medium', 'Five fund strong win open.', '2022-10-27', 'Across bag president speak.', 'Also everything well skill.', 45, 'robert91');
INSERT INTO post(difficulty, name, publish_date, short_description, steps, time, author) VALUES ('hard', 'Measure black would word.', '2020-03-22', 'Provide.', 'Community response.', 93, 'lhampton');
INSERT INTO post(difficulty, name, publish_date, short_description, steps, time, author) VALUES ('hard', 'Single PM take prove citizen exactly on.', '2023-10-13', 'Never actually.', 'Hour deal.', 114, 'lhampton');
INSERT INTO post(difficulty, name, publish_date, short_description, steps, time, author) VALUES ('easy', 'Child evening away a while.', '2022-10-01', 'Than along loss.', 'Night style hard.', 8, 'lhampton');
INSERT INTO post(difficulty, name, publish_date, short_description, steps, time, author) VALUES ('easy', 'Young final pressure item certain.', '2021-02-27', 'Least thus.', 'Control.', 13, 'lhampton');
INSERT INTO post(difficulty, name, publish_date, short_description, steps, time, author) VALUES ('medium', 'Represent mean full past yeah specific.', '2021-11-09', 'Poor red our statement.', 'Really less.', 85, 'lhampton');
INSERT INTO post(difficulty, name, publish_date, short_description, steps, time, author) VALUES ('medium', 'Care response participant stock member.', '2023-07-15', 'White line.', 'Experience road suggest.', 112, 'lhampton');
INSERT INTO post(difficulty, name, publish_date, short_description, steps, time, author) VALUES ('hard', 'Prove ok he open agency early friend.', '2023-02-24', 'Bad child film.', 'Move example push.', 69, 'lhampton');
INSERT INTO post(difficulty, name, publish_date, short_description, steps, time, author) VALUES ('easy', 'Meeting four all star check marriage public.', '2021-04-15', 'Oil young.', 'Each ever although senior.', 104, 'lhampton');
INSERT INTO post(difficulty, name, publish_date, short_description, steps, time, author) VALUES ('hard', 'Drop official buy return stop listen process.', '2023-07-30', 'Once bit will.', 'War level.', 91, 'lhampton');
INSERT INTO post(difficulty, name, publish_date, short_description, steps, time, author) VALUES ('medium', 'Listen song produce agree.', '2023-03-17', 'She at.', 'Cause Republican less.', 21, 'lhampton');
INSERT INTO post(difficulty, name, publish_date, short_description, steps, time, author) VALUES ('easy', 'Final would memory box hard must result little.', '2023-09-20', 'Special stay.', 'Approach consider everyone.', 12, 'andrewramos');
INSERT INTO post(difficulty, name, publish_date, short_description, steps, time, author) VALUES ('medium', 'Use management data other kid experience nearly.', '2021-05-29', 'Prove bit.', 'Space right.', 42, 'andrewramos');
INSERT INTO post(difficulty, name, publish_date, short_description, steps, time, author) VALUES ('medium', 'Along we foot everyone.', '2020-09-11', 'Left make college.', 'Record those control.', 100, 'andrewramos');
INSERT INTO post(difficulty, name, publish_date, short_description, steps, time, author) VALUES ('medium', 'Time strategy can subject model.', '2022-11-30', 'Media court to.', 'Return seven production.', 78, 'andrewramos');
INSERT INTO post(difficulty, name, publish_date, short_description, steps, time, author) VALUES ('medium', 'Necessary mean shoulder others eye.', '2022-07-02', 'Something campaign often.', 'Car under number.', 60, 'andrewramos');
INSERT INTO post(difficulty, name, publish_date, short_description, steps, time, author) VALUES ('hard', 'Win enough whose beyond pick Republican.', '2023-09-24', 'Former within.', 'Positive wind training.', 11, 'andrewramos');
INSERT INTO post(difficulty, name, publish_date, short_description, steps, time, author) VALUES ('hard', 'Key range meeting even treat.', '2023-06-26', 'Yet yes.', 'Television example thank.', 72, 'andrewramos');
INSERT INTO post(difficulty, name, publish_date, short_description, steps, time, author) VALUES ('easy', 'Authority positive but.', '2020-10-16', 'Trial prevent other.', 'Wear every.', 23, 'andrewramos');
INSERT INTO post(difficulty, name, publish_date, short_description, steps, time, author) VALUES ('hard', 'Son kind national join important four.', '2020-12-13', 'Likely ok newspaper.', 'System task building.', 70, 'andrewramos');
INSERT INTO post(difficulty, name, publish_date, short_description, steps, time, author) VALUES ('easy', 'Firm whole space performance his top.', '2023-06-25', 'Word.', 'Leg.', 77, 'andrewramos');
INSERT INTO post(difficulty, name, publish_date, short_description, steps, time, author) VALUES ('hard', 'Rich their trouble their free step evening.', '2021-02-05', 'Record trial.', 'Test feeling.', 72, 'fpena');
INSERT INTO post(difficulty, name, publish_date, short_description, steps, time, author) VALUES ('medium', 'Address marriage hot address enjoy.', '2023-02-13', 'Year edge everybody.', 'Soon what writer because.', 20, 'fpena');
INSERT INTO post(difficulty, name, publish_date, short_description, steps, time, author) VALUES ('easy', 'We fast response push.', '2022-01-20', 'Event wind follow.', 'Amount.', 47, 'fpena');
INSERT INTO post(difficulty, name, publish_date, short_description, steps, time, author) VALUES ('medium', 'Political before term bag me.', '2020-07-02', 'Why eight.', 'Production piece.', 13, 'fpena');
INSERT INTO post(difficulty, name, publish_date, short_description, steps, time, author) VALUES ('hard', 'Newspaper themselves enjoy article together.', '2020-02-12', 'Leader same modern.', 'Too international address plant.', 48, 'fpena');
INSERT INTO post(difficulty, name, publish_date, short_description, steps, time, author) VALUES ('easy', 'Paper crime reach ask book factor economy.', '2021-01-20', 'Claim word.', 'Wish director also.', 42, 'fpena');
INSERT INTO post(difficulty, name, publish_date, short_description, steps, time, author) VALUES ('easy', 'Brother person adult.', '2021-07-25', 'Finally property because.', 'Point discover contain leader.', 97, 'fpena');
INSERT INTO post(difficulty, name, publish_date, short_description, steps, time, author) VALUES ('hard', 'Guy suddenly meeting.', '2022-10-13', 'Lose individual.', 'Challenge site join.', 99, 'fpena');
INSERT INTO post(difficulty, name, publish_date, short_description, steps, time, author) VALUES ('hard', 'Almost call send.', '2022-04-05', 'Get medical religious.', 'Act there return.', 14, 'fpena');
INSERT INTO post(difficulty, name, publish_date, short_description, steps, time, author) VALUES ('hard', 'Resource car truth again change film identify.', '2024-01-03', 'Economy lay onto direction.', 'Education table.', 98, 'fpena');
INSERT INTO post(difficulty, name, publish_date, short_description, steps, time, author) VALUES ('hard', 'Federal research keep catch thus most to too.', '2024-03-24', 'Unit record kid.', 'Thought begin size.', 112, 'lisacurry');
INSERT INTO post(difficulty, name, publish_date, short_description, steps, time, author) VALUES ('hard', 'Maybe staff along plant.', '2023-07-26', 'Window color plant.', 'After near research.', 116, 'lisacurry');
INSERT INTO post(difficulty, name, publish_date, short_description, steps, time, author) VALUES ('hard', 'Everybody create shoulder effect without these.', '2021-01-29', 'Happy doctor drop.', 'Focus account.', 26, 'lisacurry');
INSERT INTO post(difficulty, name, publish_date, short_description, steps, time, author) VALUES ('medium', 'Heavy expect to real yes Mrs although.', '2021-02-10', 'Raise until lot.', 'Firm individual.', 46, 'lisacurry');
INSERT INTO post(difficulty, name, publish_date, short_description, steps, time, author) VALUES ('medium', 'Strategy notice man dream.', '2023-04-12', 'Member begin gun.', 'Nation themselves rate.', 30, 'lisacurry');
INSERT INTO post(difficulty, name, publish_date, short_description, steps, time, author) VALUES ('medium', 'Community current final society.', '2020-07-18', 'Environment smile conference.', 'Pick thing usually.', 23, 'lisacurry');
INSERT INTO post(difficulty, name, publish_date, short_description, steps, time, author) VALUES ('medium', 'Team decide public respond.', '2024-04-28', 'Become wall.', 'Member memory.', 64, 'lisacurry');
INSERT INTO post(difficulty, name, publish_date, short_description, steps, time, author) VALUES ('hard', 'Able agent and rich.', '2021-01-29', 'None.', 'Student action individual.', 73, 'lisacurry');
INSERT INTO post(difficulty, name, publish_date, short_description, steps, time, author) VALUES ('medium', 'From they method brother raise bank plan.', '2024-01-22', 'Manager father.', 'Current quickly off.', 49, 'lisacurry');
INSERT INTO post(difficulty, name, publish_date, short_description, steps, time, author) VALUES ('hard', 'Team song public camera.', '2021-05-25', 'Four human matter.', 'Beat range.', 80, 'lisacurry');
INSERT INTO post(difficulty, name, publish_date, short_description, steps, time, author) VALUES ('hard', 'Might close design without one.', '2020-02-17', 'Decision impact.', 'Wall thus.', 51, 'courtneymaldonado');
INSERT INTO post(difficulty, name, publish_date, short_description, steps, time, author) VALUES ('easy', 'Senior old life former. Few small TV road.', '2021-09-04', 'Else should western.', 'Sport trade.', 73, 'courtneymaldonado');
INSERT INTO post(difficulty, name, publish_date, short_description, steps, time, author) VALUES ('hard', 'Close marriage follow. Certain city however pick.', '2021-12-28', 'Outside news add.', 'Will future.', 76, 'courtneymaldonado');
INSERT INTO post(difficulty, name, publish_date, short_description, steps, time, author) VALUES ('hard', 'Agreement experience argue summer true every.', '2020-09-24', 'Follow energy.', 'Election across.', 118, 'courtneymaldonado');
INSERT INTO post(difficulty, name, publish_date, short_description, steps, time, author) VALUES ('easy', 'Assume one word commercial.', '2023-04-22', 'Suddenly not mention.', 'Note.', 103, 'courtneymaldonado');
INSERT INTO post(difficulty, name, publish_date, short_description, steps, time, author) VALUES ('hard', 'Scene wear word point.', '2024-01-01', 'Name history.', 'Career note reflect.', 55, 'courtneymaldonado');
INSERT INTO post(difficulty, name, publish_date, short_description, steps, time, author) VALUES ('medium', 'State speech realize partner bar surface present.', '2023-06-11', 'Hold sometimes money.', 'Magazine course culture.', 35, 'courtneymaldonado');
INSERT INTO post(difficulty, name, publish_date, short_description, steps, time, author) VALUES ('easy', 'Know good run quickly avoid care.', '2022-01-04', 'Art over stuff.', 'Soldier.', 33, 'courtneymaldonado');
INSERT INTO post(difficulty, name, publish_date, short_description, steps, time, author) VALUES ('hard', 'Do important determine people same.', '2022-01-19', 'Push.', 'Foot recently let.', 68, 'courtneymaldonado');
INSERT INTO post(difficulty, name, publish_date, short_description, steps, time, author) VALUES ('easy', 'True dark whole. Clear foreign green keep.', '2020-04-27', 'Season season large.', 'Interest their season their.', 36, 'courtneymaldonado');
INSERT INTO post(difficulty, name, publish_date, short_description, steps, time, author) VALUES ('hard', 'Evening including scene recognize.', '2021-05-27', 'Floor current speech.', 'Science big.', 28, 'brandonchang');
INSERT INTO post(difficulty, name, publish_date, short_description, steps, time, author) VALUES ('medium', 'Wonder others memory price.', '2020-04-16', 'Hand.', 'Control coach.', 19, 'brandonchang');
INSERT INTO post(difficulty, name, publish_date, short_description, steps, time, author) VALUES ('hard', 'Financial plant box under score plan.', '2021-10-21', 'Little region help subject.', 'Receive should begin.', 59, 'brandonchang');
INSERT INTO post(difficulty, name, publish_date, short_description, steps, time, author) VALUES ('easy', 'Left however seven line.', '2022-06-02', 'Whose would personal.', 'Treat sign different.', 82, 'brandonchang');
INSERT INTO post(difficulty, name, publish_date, short_description, steps, time, author) VALUES ('medium', 'Check sound live couple away water cause.', '2022-02-11', 'Just bed.', 'Resource west.', 64, 'brandonchang');
INSERT INTO post(difficulty, name, publish_date, short_description, steps, time, author) VALUES ('medium', 'Form theory spend sport section discover.', '2020-12-11', 'Glass itself.', 'Environment according.', 93, 'brandonchang');
INSERT INTO post(difficulty, name, publish_date, short_description, steps, time, author) VALUES ('medium', 'Past black second key follow.', '2023-12-23', 'American.', 'Win car without.', 12, 'brandonchang');
INSERT INTO post(difficulty, name, publish_date, short_description, steps, time, author) VALUES ('easy', 'Mrs rest product drop try east loss.', '2020-08-24', 'Sound thus.', 'Environmental water small.', 52, 'brandonchang');
INSERT INTO post(difficulty, name, publish_date, short_description, steps, time, author) VALUES ('medium', 'Right thing wife grow take.', '2020-04-11', 'So particularly.', 'Weight magazine notice.', 47, 'brandonchang');
INSERT INTO post(difficulty, name, publish_date, short_description, steps, time, author) VALUES ('medium', 'Century always food.', '2023-01-21', 'Social former wind.', 'Answer speak professor prove.', 47, 'brandonchang');
INSERT INTO post(difficulty, name, publish_date, short_description, steps, time, author) VALUES ('medium', 'Remember process very fact.', '2021-08-27', 'Election less.', 'Especially him.', 74, 'mjohnson');
INSERT INTO post(difficulty, name, publish_date, short_description, steps, time, author) VALUES ('easy', 'Follow cover use people budget cold.', '2020-03-08', 'Unit thought war.', 'Same.', 76, 'mjohnson');
INSERT INTO post(difficulty, name, publish_date, short_description, steps, time, author) VALUES ('easy', 'Type send rather note turn smile.', '2021-06-03', 'Might song say.', 'She ready line.', 78, 'mjohnson');
INSERT INTO post(difficulty, name, publish_date, short_description, steps, time, author) VALUES ('hard', 'Trip we what see outside. Rest top friend need.', '2024-04-23', 'Public medical toward.', 'Around along.', 38, 'mjohnson');
INSERT INTO post(difficulty, name, publish_date, short_description, steps, time, author) VALUES ('easy', 'Future often about less sea.', '2023-01-08', 'Course rock.', 'Bad fish.', 82, 'mjohnson');
INSERT INTO post(difficulty, name, publish_date, short_description, steps, time, author) VALUES ('medium', 'Bad attention general decade center raise main.', '2021-07-16', 'Free institution government.', 'Born whatever.', 120, 'mjohnson');
INSERT INTO post(difficulty, name, publish_date, short_description, steps, time, author) VALUES ('easy', 'Think also early manage television energy look.', '2023-03-31', 'Learn check.', 'Field.', 61, 'mjohnson');
INSERT INTO post(difficulty, name, publish_date, short_description, steps, time, author) VALUES ('medium', 'Give decade song town perform produce dog.', '2021-05-04', 'Five region general.', 'Seven else spring.', 55, 'mjohnson');
INSERT INTO post(difficulty, name, publish_date, short_description, steps, time, author) VALUES ('easy', 'Serve skill animal become stock bank change.', '2023-09-05', 'Half like.', 'General save.', 46, 'mjohnson');
INSERT INTO post(difficulty, name, publish_date, short_description, steps, time, author) VALUES ('hard', 'Relationship weight writer difficult.', '2020-06-11', 'Song rock.', 'Success market adult.', 98, 'mjohnson');
INSERT INTO post(difficulty, name, publish_date, short_description, steps, time, author) VALUES ('medium', 'Week beyond only analysis system.', '2023-01-30', 'Land research.', 'Cut financial home still.', 79, 'erinjames');
INSERT INTO post(difficulty, name, publish_date, short_description, steps, time, author) VALUES ('medium', 'Smile professor that note such challenge sister.', '2021-11-28', 'Mind magazine window.', 'People another.', 30, 'erinjames');
INSERT INTO post(difficulty, name, publish_date, short_description, steps, time, author) VALUES ('hard', 'Share agreement program red.', '2023-05-05', 'And interesting.', 'Life two.', 34, 'erinjames');
INSERT INTO post(difficulty, name, publish_date, short_description, steps, time, author) VALUES ('hard', 'Military expert her democratic career.', '2021-02-28', 'Rich suddenly answer.', 'Shoulder.', 46, 'erinjames');
INSERT INTO post(difficulty, name, publish_date, short_description, steps, time, author) VALUES ('hard', 'Resource today long radio memory.', '2024-01-19', 'Believe with.', 'Power bar never especially.', 82, 'erinjames');
INSERT INTO post(difficulty, name, publish_date, short_description, steps, time, author) VALUES ('easy', 'Day design want study.', '2023-06-22', 'Music oil matter.', 'Collection imagine myself degree.', 119, 'erinjames');
INSERT INTO post(difficulty, name, publish_date, short_description, steps, time, author) VALUES ('hard', 'Chair their prove still direction role lose.', '2020-12-23', 'On behind.', 'Trouble professor material help.', 30, 'erinjames');
INSERT INTO post(difficulty, name, publish_date, short_description, steps, time, author) VALUES ('easy', 'Pick away from carry.', '2023-11-20', 'Pay require available.', 'Spring.', 26, 'erinjames');
INSERT INTO post(difficulty, name, publish_date, short_description, steps, time, author) VALUES ('medium', 'Speak often should worry open really my.', '2020-04-14', 'Least evidence.', 'Take son tough.', 43, 'erinjames');
INSERT INTO post(difficulty, name, publish_date, short_description, steps, time, author) VALUES ('easy', 'Anything case within red.', '2021-11-12', 'Science actually.', 'Tend wife.', 21, 'erinjames');
INSERT INTO post(difficulty, name, publish_date, short_description, steps, time, author) VALUES ('easy', 'Challenge today rate poor future health pay.', '2020-07-22', 'Than no.', 'Its back guess.', 30, 'brittany13');
INSERT INTO post(difficulty, name, publish_date, short_description, steps, time, author) VALUES ('hard', 'Must contain lose speech manager first.', '2020-08-15', 'Century common sound.', 'Heavy man send go.', 26, 'brittany13');
INSERT INTO post(difficulty, name, publish_date, short_description, steps, time, author) VALUES ('hard', 'Lot among ten sit because senior month happy.', '2023-05-08', 'Leg hour.', 'Own clearly.', 97, 'brittany13');
INSERT INTO post(difficulty, name, publish_date, short_description, steps, time, author) VALUES ('medium', 'Store focus several hard.', '2022-02-19', 'Put behind must.', 'Word bag.', 75, 'brittany13');
INSERT INTO post(difficulty, name, publish_date, short_description, steps, time, author) VALUES ('easy', 'Threat edge this church own poor.', '2023-05-12', 'Baby option far.', 'Put economic.', 88, 'brittany13');
INSERT INTO post(difficulty, name, publish_date, short_description, steps, time, author) VALUES ('hard', 'Ten shoulder how computer own senior.', '2021-02-05', 'Way follow world commercial.', 'Paper.', 71, 'brittany13');
INSERT INTO post(difficulty, name, publish_date, short_description, steps, time, author) VALUES ('medium', 'Us walk research key site.', '2021-08-08', 'Total size different.', 'A fast.', 31, 'brittany13');
INSERT INTO post(difficulty, name, publish_date, short_description, steps, time, author) VALUES ('easy', 'Respond table charge executive fall.', '2021-02-11', 'Fund bank.', 'Likely peace in.', 23, 'brittany13');
INSERT INTO post(difficulty, name, publish_date, short_description, steps, time, author) VALUES ('hard', 'Song somebody chance image will indeed join.', '2022-08-07', 'Any level pressure.', 'Though office beat.', 94, 'brittany13');
INSERT INTO post(difficulty, name, publish_date, short_description, steps, time, author) VALUES ('hard', 'Rule us mother follow above school.', '2022-07-31', 'Join treatment growth customer.', 'Second bit.', 107, 'brittany13');
INSERT INTO post(difficulty, name, publish_date, short_description, steps, time, author) VALUES ('hard', 'Medical or job moment.', '2021-03-25', 'System report suddenly.', 'Appear pass two.', 66, 'harry71');
INSERT INTO post(difficulty, name, publish_date, short_description, steps, time, author) VALUES ('hard', 'Pull edge especially section discuss that fly.', '2022-04-22', 'Least behavior.', 'Partner mention.', 29, 'harry71');
INSERT INTO post(difficulty, name, publish_date, short_description, steps, time, author) VALUES ('medium', 'Green call travel six behavior amount.', '2023-03-31', 'Doctor board run.', 'Room art official.', 43, 'harry71');
INSERT INTO post(difficulty, name, publish_date, short_description, steps, time, author) VALUES ('hard', 'Issue include those look.', '2022-12-02', 'Visit time.', 'Trip.', 78, 'harry71');
INSERT INTO post(difficulty, name, publish_date, short_description, steps, time, author) VALUES ('easy', 'Size unit rest if TV up.', '2021-07-20', 'Compare north from.', 'Fly contain.', 33, 'harry71');
INSERT INTO post(difficulty, name, publish_date, short_description, steps, time, author) VALUES ('easy', 'Especially goal magazine seek.', '2021-03-20', 'Two different training.', 'Life open.', 116, 'harry71');
INSERT INTO post(difficulty, name, publish_date, short_description, steps, time, author) VALUES ('hard', 'Few rise page security lawyer.', '2021-03-28', 'Think more civil.', 'Appear base.', 76, 'harry71');
INSERT INTO post(difficulty, name, publish_date, short_description, steps, time, author) VALUES ('hard', 'Throughout fast care serve dinner special hope.', '2023-08-26', 'Simple movement.', 'Get.', 27, 'harry71');
INSERT INTO post(difficulty, name, publish_date, short_description, steps, time, author) VALUES ('medium', 'Media rate same onto style.', '2020-03-11', 'Interest catch.', 'Perhaps continue.', 18, 'harry71');
INSERT INTO post(difficulty, name, publish_date, short_description, steps, time, author) VALUES ('easy', 'Energy sign forget hear.', '2023-01-07', 'Measure group.', 'Institution table else offer.', 75, 'harry71');
INSERT INTO post(difficulty, name, publish_date, short_description, steps, time, author) VALUES ('hard', 'A stay town series. Way effect prepare.', '2023-08-24', 'Sure cultural writer.', 'Student better also.', 32, 'stewartchristina');
INSERT INTO post(difficulty, name, publish_date, short_description, steps, time, author) VALUES ('easy', 'High white truth however air campaign degree.', '2021-03-16', 'Environmental three fill.', 'Job both.', 49, 'stewartchristina');
INSERT INTO post(difficulty, name, publish_date, short_description, steps, time, author) VALUES ('hard', 'Nothing crime base character buy store could.', '2022-06-22', 'Identify tree rule.', 'Should research.', 107, 'stewartchristina');
INSERT INTO post(difficulty, name, publish_date, short_description, steps, time, author) VALUES ('easy', 'Staff situation compare staff store.', '2024-02-21', 'Organization fire.', 'Child drive instead.', 71, 'stewartchristina');
INSERT INTO post(difficulty, name, publish_date, short_description, steps, time, author) VALUES ('easy', 'Doctor light teach five few agent.', '2022-11-14', 'Manage.', 'Will model.', 49, 'stewartchristina');
INSERT INTO post(difficulty, name, publish_date, short_description, steps, time, author) VALUES ('hard', 'Should people sell agent subject any.', '2021-06-12', 'Enjoy smile security.', 'Rock among.', 65, 'stewartchristina');
INSERT INTO post(difficulty, name, publish_date, short_description, steps, time, author) VALUES ('hard', 'Third left rich group.', '2023-07-02', 'Who under red reason.', 'Hospital sort.', 116, 'stewartchristina');
INSERT INTO post(difficulty, name, publish_date, short_description, steps, time, author) VALUES ('hard', 'Activity speech develop beat gun film.', '2020-03-16', 'World occur what.', 'Herself thank.', 65, 'stewartchristina');
INSERT INTO post(difficulty, name, publish_date, short_description, steps, time, author) VALUES ('hard', 'Which owner price sit indeed.', '2024-03-04', 'Such.', 'Almost picture.', 80, 'stewartchristina');
INSERT INTO post(difficulty, name, publish_date, short_description, steps, time, author) VALUES ('easy', 'Coach movement whether see remain.', '2023-04-26', 'Officer few policy.', 'Myself.', 26, 'stewartchristina');
INSERT INTO post(difficulty, name, publish_date, short_description, steps, time, author) VALUES ('medium', 'And result country people without.', '2021-05-08', 'Live argue.', 'Yourself financial late.', 61, 'wagnerdavid');
INSERT INTO post(difficulty, name, publish_date, short_description, steps, time, author) VALUES ('hard', 'Writer source pressure.', '2021-03-22', 'Term type morning.', 'Southern its reveal.', 62, 'wagnerdavid');
INSERT INTO post(difficulty, name, publish_date, short_description, steps, time, author) VALUES ('hard', 'Land process skin once step.', '2020-11-29', 'Customer special sound chair.', 'Speech ahead.', 27, 'wagnerdavid');
INSERT INTO post(difficulty, name, publish_date, short_description, steps, time, author) VALUES ('easy', 'Far order develop almost.', '2021-06-09', 'Mind quite.', 'Democrat man often fly.', 105, 'wagnerdavid');
INSERT INTO post(difficulty, name, publish_date, short_description, steps, time, author) VALUES ('medium', 'Lay arm agency. Store set hospital surface.', '2024-02-08', 'Group break partner subject.', 'Arm paper seem section.', 47, 'wagnerdavid');
INSERT INTO post(difficulty, name, publish_date, short_description, steps, time, author) VALUES ('easy', 'Check military serve off letter.', '2023-04-01', 'Local development.', 'The report.', 47, 'wagnerdavid');
INSERT INTO post(difficulty, name, publish_date, short_description, steps, time, author) VALUES ('medium', 'Debate whom send discover today much.', '2022-10-16', 'Stop deep federal.', 'List.', 110, 'wagnerdavid');
INSERT INTO post(difficulty, name, publish_date, short_description, steps, time, author) VALUES ('medium', 'Night half might exist personal head.', '2021-03-15', 'Current ability condition.', 'Piece crime.', 109, 'wagnerdavid');
INSERT INTO post(difficulty, name, publish_date, short_description, steps, time, author) VALUES ('medium', 'Human physical you its available.', '2021-02-02', 'Thing along weight.', 'Who return.', 86, 'wagnerdavid');
INSERT INTO post(difficulty, name, publish_date, short_description, steps, time, author) VALUES ('easy', 'House second use.', '2021-05-02', 'City table.', 'Debate always Republican.', 76, 'wagnerdavid');
INSERT INTO post(difficulty, name, publish_date, short_description, steps, time, author) VALUES ('easy', 'Happy too already up kid ok another.', '2024-02-04', 'Glass sit air watch.', 'Yet Mr laugh.', 89, 'jgarcia');
INSERT INTO post(difficulty, name, publish_date, short_description, steps, time, author) VALUES ('easy', 'Somebody deep should eight.', '2021-12-04', 'Fine enough few.', 'Phone everything.', 86, 'jgarcia');
INSERT INTO post(difficulty, name, publish_date, short_description, steps, time, author) VALUES ('easy', 'Remain chair list data.', '2021-10-29', 'Prevent apply past.', 'Produce matter past order.', 33, 'jgarcia');
INSERT INTO post(difficulty, name, publish_date, short_description, steps, time, author) VALUES ('easy', 'Son box for laugh. Down my right.', '2021-11-07', 'Example several general.', 'Model be.', 91, 'jgarcia');
INSERT INTO post(difficulty, name, publish_date, short_description, steps, time, author) VALUES ('hard', 'Movement place let appear land event.', '2020-05-14', 'Share deal positive old.', 'Learn major.', 96, 'jgarcia');
INSERT INTO post(difficulty, name, publish_date, short_description, steps, time, author) VALUES ('hard', 'Prove go perform each news.', '2022-01-30', 'Single control us.', 'Meeting company.', 58, 'jgarcia');
INSERT INTO post(difficulty, name, publish_date, short_description, steps, time, author) VALUES ('medium', 'Fight man front.', '2023-11-16', 'Fire perhaps.', 'Perform computer fund reach.', 117, 'jgarcia');
INSERT INTO post(difficulty, name, publish_date, short_description, steps, time, author) VALUES ('hard', 'Ago authority local rule send mission peace.', '2020-04-15', 'About share whole.', 'Learn special.', 95, 'jgarcia');
INSERT INTO post(difficulty, name, publish_date, short_description, steps, time, author) VALUES ('hard', 'Play yeah chance.', '2021-11-04', 'Responsibility back at.', 'Attack people dream.', 98, 'jgarcia');
INSERT INTO post(difficulty, name, publish_date, short_description, steps, time, author) VALUES ('easy', 'Contain write price large hold everybody gas.', '2023-08-15', 'Care mind own.', 'Particularly.', 115, 'jgarcia');
INSERT INTO post(difficulty, name, publish_date, short_description, steps, time, author) VALUES ('easy', 'Within southern respond medical than least.', '2021-04-02', 'Indeed.', 'Institution offer another.', 112, 'angelacalhoun');
INSERT INTO post(difficulty, name, publish_date, short_description, steps, time, author) VALUES ('medium', 'Her want morning animal.', '2022-11-10', 'Want place avoid.', 'Tend have.', 53, 'angelacalhoun');
INSERT INTO post(difficulty, name, publish_date, short_description, steps, time, author) VALUES ('hard', 'Than at return although full debate beyond.', '2020-08-18', 'Clearly live season.', 'Positive enough develop.', 17, 'angelacalhoun');
INSERT INTO post(difficulty, name, publish_date, short_description, steps, time, author) VALUES ('hard', 'Week remain adult.', '2020-01-14', 'Able far.', 'Mention others.', 76, 'angelacalhoun');
INSERT INTO post(difficulty, name, publish_date, short_description, steps, time, author) VALUES ('medium', 'Identify cup determine thank accept.', '2020-06-10', 'Work nature.', 'Mission finish.', 114, 'angelacalhoun');
INSERT INTO post(difficulty, name, publish_date, short_description, steps, time, author) VALUES ('medium', 'Management want skill professor.', '2023-10-15', 'Light kid organization.', 'Different reveal.', 43, 'angelacalhoun');
INSERT INTO post(difficulty, name, publish_date, short_description, steps, time, author) VALUES ('medium', 'Accept half fall need. Chance mind however left.', '2023-04-21', 'Standard per air.', 'Bit likely.', 95, 'angelacalhoun');
INSERT INTO post(difficulty, name, publish_date, short_description, steps, time, author) VALUES ('easy', 'Age remain increase full money away.', '2023-02-04', 'Concern it part.', 'Card she.', 68, 'angelacalhoun');
INSERT INTO post(difficulty, name, publish_date, short_description, steps, time, author) VALUES ('easy', 'Follow too reach ability turn occur woman their.', '2021-10-12', 'Certainly raise difficult.', 'Reflect agency.', 111, 'angelacalhoun');
INSERT INTO post(difficulty, name, publish_date, short_description, steps, time, author) VALUES ('medium', 'Tell close music office evening.', '2020-03-06', 'Environmental.', 'Push community.', 118, 'angelacalhoun');
INSERT INTO post(difficulty, name, publish_date, short_description, steps, time, author) VALUES ('hard', 'Once visit each bit.', '2021-04-29', 'Billion.', 'Rest.', 35, 'michael57');
INSERT INTO post(difficulty, name, publish_date, short_description, steps, time, author) VALUES ('medium', 'Option piece benefit cup pattern south something.', '2022-10-01', 'Price yes personal.', 'Something share sea apply.', 52, 'michael57');
INSERT INTO post(difficulty, name, publish_date, short_description, steps, time, author) VALUES ('medium', 'Contain sort soldier hotel imagine matter there.', '2020-11-24', 'Every account himself.', 'Teach at action.', 27, 'michael57');
INSERT INTO post(difficulty, name, publish_date, short_description, steps, time, author) VALUES ('easy', 'Often young easy wish wall about.', '2020-05-12', 'Force as.', 'Prevent population.', 120, 'michael57');
INSERT INTO post(difficulty, name, publish_date, short_description, steps, time, author) VALUES ('hard', 'Gas thus thank discuss.', '2023-02-25', 'Article Democrat billion.', 'Yes success a.', 8, 'michael57');
INSERT INTO post(difficulty, name, publish_date, short_description, steps, time, author) VALUES ('easy', 'Piece red report thus.', '2022-10-30', 'Certainly party.', 'Big collection.', 16, 'michael57');
INSERT INTO post(difficulty, name, publish_date, short_description, steps, time, author) VALUES ('hard', 'Benefit collection adult bring.', '2023-06-02', 'Store really.', 'Budget their certain case.', 44, 'michael57');
INSERT INTO post(difficulty, name, publish_date, short_description, steps, time, author) VALUES ('medium', 'Share continue century real pattern strong.', '2021-01-27', 'Officer pass appear.', 'Democratic life with.', 9, 'michael57');
INSERT INTO post(difficulty, name, publish_date, short_description, steps, time, author) VALUES ('hard', 'Forget husband edge.', '2023-11-07', 'Appear against report stock.', 'Occur especially glass.', 38, 'michael57');
INSERT INTO post(difficulty, name, publish_date, short_description, steps, time, author) VALUES ('medium', 'Game yet maintain.', '2023-08-10', 'Feeling on.', 'Power behind treatment.', 21, 'michael57');
INSERT INTO post(difficulty, name, publish_date, short_description, steps, time, author) VALUES ('hard', 'Public home agent her accept.', '2021-02-28', 'Bring experience usually.', 'Against.', 37, 'emily06');
INSERT INTO post(difficulty, name, publish_date, short_description, steps, time, author) VALUES ('hard', 'Wonder city fly.', '2022-10-27', 'Individual start south.', 'Expect event feel.', 36, 'emily06');
INSERT INTO post(difficulty, name, publish_date, short_description, steps, time, author) VALUES ('easy', 'Dream generation worker then heart coach.', '2022-06-25', 'Easy.', 'Whole we course.', 8, 'emily06');
INSERT INTO post(difficulty, name, publish_date, short_description, steps, time, author) VALUES ('medium', 'Structure bill mention program throw.', '2020-09-06', 'Hard change.', 'Offer think middle.', 54, 'emily06');
INSERT INTO post(difficulty, name, publish_date, short_description, steps, time, author) VALUES ('medium', 'We stuff necessary minute.', '2024-01-09', 'Buy high around.', 'Water camera.', 66, 'emily06');
INSERT INTO post(difficulty, name, publish_date, short_description, steps, time, author) VALUES ('medium', 'Various bill cell.', '2022-01-15', 'Simply just.', 'Glass assume manage.', 31, 'emily06');
INSERT INTO post(difficulty, name, publish_date, short_description, steps, time, author) VALUES ('hard', 'Fish available ask start father include modern.', '2021-03-23', 'Land significant lead.', 'Strategy marriage several.', 66, 'emily06');
INSERT INTO post(difficulty, name, publish_date, short_description, steps, time, author) VALUES ('easy', 'Church set author meet add.', '2023-06-14', 'Player his card.', 'Four.', 117, 'emily06');
INSERT INTO post(difficulty, name, publish_date, short_description, steps, time, author) VALUES ('hard', 'Per certain keep out nor.', '2021-04-02', 'Book soldier mind.', 'Blue.', 109, 'emily06');
INSERT INTO post(difficulty, name, publish_date, short_description, steps, time, author) VALUES ('medium', 'Glass wide know six interview.', '2020-04-07', 'Hard Mrs.', 'Education school.', 36, 'emily06');
INSERT INTO post(difficulty, name, publish_date, short_description, steps, time, author) VALUES ('easy', 'Nation easy start wonder rule yourself approach.', '2022-10-06', 'Include true organization.', 'Model region job.', 74, 'stephanie87');
INSERT INTO post(difficulty, name, publish_date, short_description, steps, time, author) VALUES ('hard', 'Story answer father sister.', '2021-12-07', 'Trouble billion old.', 'Until seem.', 103, 'stephanie87');
INSERT INTO post(difficulty, name, publish_date, short_description, steps, time, author) VALUES ('medium', 'Not whether such simple play base.', '2022-01-28', 'Perhaps.', 'Serious five else.', 34, 'stephanie87');
INSERT INTO post(difficulty, name, publish_date, short_description, steps, time, author) VALUES ('hard', 'Billion car financial politics.', '2023-08-13', 'Maybe huge.', 'Specific either.', 65, 'stephanie87');
INSERT INTO post(difficulty, name, publish_date, short_description, steps, time, author) VALUES ('hard', 'Husband put when bit forget big.', '2020-11-27', 'List cut financial.', 'Rate son describe.', 43, 'stephanie87');
INSERT INTO post(difficulty, name, publish_date, short_description, steps, time, author) VALUES ('medium', 'Whether team collection wait.', '2022-04-24', 'Vote wait.', 'Should.', 78, 'stephanie87');
INSERT INTO post(difficulty, name, publish_date, short_description, steps, time, author) VALUES ('medium', 'Anything add whom to.', '2024-01-05', 'Method response big.', 'Such control middle.', 87, 'stephanie87');
INSERT INTO post(difficulty, name, publish_date, short_description, steps, time, author) VALUES ('easy', 'Almost go always power forget degree of no.', '2020-04-30', 'Miss clearly gun.', 'Hospital me.', 76, 'stephanie87');
INSERT INTO post(difficulty, name, publish_date, short_description, steps, time, author) VALUES ('easy', 'Task care on magazine newspaper laugh.', '2023-07-23', 'Success item play sea.', 'Story focus power.', 44, 'stephanie87');
INSERT INTO post(difficulty, name, publish_date, short_description, steps, time, author) VALUES ('hard', 'Experience possible wait radio respond.', '2022-12-13', 'Government.', 'Miss blood.', 38, 'stephanie87');
INSERT INTO post(difficulty, name, publish_date, short_description, steps, time, author) VALUES ('easy', 'Call put market region.', '2020-12-16', 'Hand section.', 'Cultural back.', 89, 'sloanapril');
INSERT INTO post(difficulty, name, publish_date, short_description, steps, time, author) VALUES ('hard', 'Quickly center whose green thus inside though.', '2021-09-30', 'Certainly quite make.', 'Show hit.', 35, 'sloanapril');
INSERT INTO post(difficulty, name, publish_date, short_description, steps, time, author) VALUES ('hard', 'Stop smile in simple I number anything if.', '2021-07-19', 'Relationship return.', 'Treat name plan.', 46, 'sloanapril');
INSERT INTO post(difficulty, name, publish_date, short_description, steps, time, author) VALUES ('medium', 'Alone test position board president.', '2020-02-24', 'Page station.', 'Accept fact study.', 37, 'sloanapril');
INSERT INTO post(difficulty, name, publish_date, short_description, steps, time, author) VALUES ('medium', 'Rest cup degree fly maintain language wish man.', '2024-01-16', 'Activity measure cause.', 'Challenge civil.', 56, 'sloanapril');
INSERT INTO post(difficulty, name, publish_date, short_description, steps, time, author) VALUES ('easy', 'Modern trip land.', '2020-08-30', 'Home.', 'Really at.', 51, 'sloanapril');
INSERT INTO post(difficulty, name, publish_date, short_description, steps, time, author) VALUES ('hard', 'Chair four star interest better top will.', '2021-10-11', 'National thing down.', 'Into wall bill talk.', 84, 'sloanapril');
INSERT INTO post(difficulty, name, publish_date, short_description, steps, time, author) VALUES ('hard', 'Why attack current seem issue toward century.', '2020-12-11', 'Response green.', 'Understand off worker.', 11, 'sloanapril');
INSERT INTO post(difficulty, name, publish_date, short_description, steps, time, author) VALUES ('hard', 'Thought allow card easy forget natural.', '2021-08-02', 'Yard Republican.', 'End trip including personal.', 47, 'sloanapril');
INSERT INTO post(difficulty, name, publish_date, short_description, steps, time, author) VALUES ('medium', 'Thing product them.', '2021-07-16', 'Million.', 'Somebody election.', 34, 'sloanapril');
INSERT INTO post(difficulty, name, publish_date, short_description, steps, time, author) VALUES ('medium', 'Size debate everything thought late.', '2021-04-28', 'East light.', 'House Democrat.', 51, 'ctran');
INSERT INTO post(difficulty, name, publish_date, short_description, steps, time, author) VALUES ('hard', 'Good drive soldier though standard.', '2023-05-19', 'Measure best.', 'Class audience.', 69, 'ctran');
INSERT INTO post(difficulty, name, publish_date, short_description, steps, time, author) VALUES ('hard', 'Run rather left owner rather could drug.', '2020-02-22', 'Expect.', 'General marriage bit.', 58, 'ctran');
INSERT INTO post(difficulty, name, publish_date, short_description, steps, time, author) VALUES ('medium', 'Receive everybody former.', '2023-09-09', 'Family.', 'Affect full effect.', 26, 'ctran');
INSERT INTO post(difficulty, name, publish_date, short_description, steps, time, author) VALUES ('easy', 'Everyone action beat seek similar.', '2024-04-26', 'Professor action picture.', 'Happy general eat.', 100, 'ctran');
INSERT INTO post(difficulty, name, publish_date, short_description, steps, time, author) VALUES ('medium', 'Major probably attorney sea campaign win garden.', '2023-08-24', 'Within at.', 'These PM today.', 105, 'ctran');
INSERT INTO post(difficulty, name, publish_date, short_description, steps, time, author) VALUES ('easy', 'Oil challenge during quite free pick.', '2024-03-09', 'Increase cost.', 'Marriage leave.', 117, 'ctran');
INSERT INTO post(difficulty, name, publish_date, short_description, steps, time, author) VALUES ('hard', 'Board campaign bit rock rest very game.', '2022-07-07', 'Month consumer.', 'Western son.', 116, 'ctran');
INSERT INTO post(difficulty, name, publish_date, short_description, steps, time, author) VALUES ('medium', 'Bag significant require.', '2024-04-28', 'Radio thus sport.', 'Blood charge.', 49, 'ctran');
INSERT INTO post(difficulty, name, publish_date, short_description, steps, time, author) VALUES ('easy', 'Will agree thing father which gas.', '2020-12-31', 'Against it head.', 'Hundred.', 60, 'ctran');
INSERT INTO post(difficulty, name, publish_date, short_description, steps, time, author) VALUES ('hard', 'Like citizen back school.', '2021-10-19', 'Institution window its month.', 'Radio science tonight.', 30, 'leewendy');
INSERT INTO post(difficulty, name, publish_date, short_description, steps, time, author) VALUES ('medium', 'Itself threat officer set.', '2022-09-15', 'Control poor.', 'Sure suggest.', 113, 'leewendy');
INSERT INTO post(difficulty, name, publish_date, short_description, steps, time, author) VALUES ('medium', 'Still along born little employee occur sure.', '2022-08-16', 'Necessary set.', 'Short economic.', 50, 'leewendy');
INSERT INTO post(difficulty, name, publish_date, short_description, steps, time, author) VALUES ('medium', 'Girl help school top. Need risk force amount.', '2024-02-22', 'Good brother necessary.', 'Back character.', 93, 'leewendy');
INSERT INTO post(difficulty, name, publish_date, short_description, steps, time, author) VALUES ('medium', 'Whatever forward enjoy note music.', '2024-04-10', 'Officer worry possible.', 'Citizen answer.', 43, 'leewendy');
INSERT INTO post(difficulty, name, publish_date, short_description, steps, time, author) VALUES ('hard', 'Trial per likely top line.', '2023-10-14', 'Seek think.', 'Read according.', 46, 'leewendy');
INSERT INTO post(difficulty, name, publish_date, short_description, steps, time, author) VALUES ('medium', 'During carry million effort next power.', '2024-04-18', 'Research word idea.', 'More mention from.', 70, 'leewendy');
INSERT INTO post(difficulty, name, publish_date, short_description, steps, time, author) VALUES ('easy', 'Into could accept should contain.', '2020-02-14', 'Open wait act.', 'Drug television every mouth.', 8, 'leewendy');
INSERT INTO post(difficulty, name, publish_date, short_description, steps, time, author) VALUES ('hard', 'Our group organization thing career.', '2023-02-14', 'Analysis base probably.', 'Camera inside.', 13, 'leewendy');
INSERT INTO post(difficulty, name, publish_date, short_description, steps, time, author) VALUES ('hard', 'Wall once question will many eight.', '2021-07-12', 'Stay agent.', 'State subject.', 89, 'leewendy');
INSERT INTO post(difficulty, name, publish_date, short_description, steps, time, author) VALUES ('hard', 'Those economy financial blue maybe nature.', '2022-06-30', 'Us officer.', 'Staff.', 64, 'dglover');
INSERT INTO post(difficulty, name, publish_date, short_description, steps, time, author) VALUES ('easy', 'Administration report later clear kind why.', '2021-08-07', 'Scientist investment chance.', 'Natural entire.', 89, 'dglover');
INSERT INTO post(difficulty, name, publish_date, short_description, steps, time, author) VALUES ('hard', 'Long yourself happy adult loss feel summer.', '2023-01-15', 'See perform.', 'Cost less.', 63, 'dglover');
INSERT INTO post(difficulty, name, publish_date, short_description, steps, time, author) VALUES ('hard', 'Standard audience idea at bill.', '2023-08-16', 'Threat threat different.', 'Lawyer feel.', 60, 'dglover');
INSERT INTO post(difficulty, name, publish_date, short_description, steps, time, author) VALUES ('hard', 'Including approach carry find impact us over.', '2023-07-29', 'Might area.', 'Leg front baby.', 120, 'dglover');
INSERT INTO post(difficulty, name, publish_date, short_description, steps, time, author) VALUES ('medium', 'Cell evening your begin.', '2022-07-09', 'Usually discover skill.', 'Pm image arm.', 41, 'dglover');
INSERT INTO post(difficulty, name, publish_date, short_description, steps, time, author) VALUES ('hard', 'Than painting similar cut our will long skill.', '2023-06-20', 'Have down.', 'Grow southern.', 110, 'dglover');
INSERT INTO post(difficulty, name, publish_date, short_description, steps, time, author) VALUES ('hard', 'Memory born popular set enjoy.', '2021-12-12', 'System.', 'Surface.', 120, 'dglover');
INSERT INTO post(difficulty, name, publish_date, short_description, steps, time, author) VALUES ('hard', 'Certainly treatment join product act play scene.', '2023-05-01', 'Course now.', 'Professor scientist where.', 79, 'dglover');
INSERT INTO post(difficulty, name, publish_date, short_description, steps, time, author) VALUES ('medium', 'Ready actually here certain hope single.', '2022-06-03', 'Talk culture.', 'Response to.', 95, 'dglover');
INSERT INTO post(difficulty, name, publish_date, short_description, steps, time, author) VALUES ('easy', 'Our car often every field someone example inside.', '2022-09-01', 'Building fall.', 'Forward.', 76, 'johnfisher');
INSERT INTO post(difficulty, name, publish_date, short_description, steps, time, author) VALUES ('medium', 'Check that job common like ahead.', '2022-06-07', 'Conference find.', 'Television during create.', 62, 'johnfisher');
INSERT INTO post(difficulty, name, publish_date, short_description, steps, time, author) VALUES ('easy', 'Again future these big may talk should.', '2020-08-19', 'Event plan fast present.', 'Decision where rise.', 35, 'johnfisher');
INSERT INTO post(difficulty, name, publish_date, short_description, steps, time, author) VALUES ('medium', 'Ok security compare present.', '2020-04-11', 'Truth miss but.', 'Community around administration later.', 99, 'johnfisher');
INSERT INTO post(difficulty, name, publish_date, short_description, steps, time, author) VALUES ('hard', 'Visit space expect site plan.', '2023-05-24', 'Large appear.', 'Agree five.', 83, 'johnfisher');
INSERT INTO post(difficulty, name, publish_date, short_description, steps, time, author) VALUES ('easy', 'Happy west seem no wrong try.', '2020-08-15', 'Stage appear.', 'Determine billion.', 103, 'johnfisher');
INSERT INTO post(difficulty, name, publish_date, short_description, steps, time, author) VALUES ('medium', 'Public blood past alone learn.', '2023-11-05', 'Might next laugh.', 'But information.', 109, 'johnfisher');
INSERT INTO post(difficulty, name, publish_date, short_description, steps, time, author) VALUES ('easy', 'Response police material cell shake kitchen true.', '2023-08-02', 'What agent education.', 'Building conference represent.', 13, 'johnfisher');
INSERT INTO post(difficulty, name, publish_date, short_description, steps, time, author) VALUES ('medium', 'Action home cause class program.', '2023-11-21', 'Interview number sense.', 'Over really.', 117, 'johnfisher');
INSERT INTO post(difficulty, name, publish_date, short_description, steps, time, author) VALUES ('hard', 'There present despite people he school.', '2023-08-07', 'Thank other.', 'Decision daughter.', 23, 'johnfisher');
INSERT INTO post(difficulty, name, publish_date, short_description, steps, time, author) VALUES ('easy', 'Nor heart clear you officer story look.', '2022-12-29', 'Really never.', 'He smile who.', 50, 'johnsonkathleen');
INSERT INTO post(difficulty, name, publish_date, short_description, steps, time, author) VALUES ('hard', 'Community alone behind.', '2024-05-07', 'Fast forget of.', 'Method fall author.', 117, 'johnsonkathleen');
INSERT INTO post(difficulty, name, publish_date, short_description, steps, time, author) VALUES ('medium', 'Low receive weight film black. Build look report.', '2021-10-21', 'Yeah.', 'Report stage charge.', 57, 'johnsonkathleen');
INSERT INTO post(difficulty, name, publish_date, short_description, steps, time, author) VALUES ('easy', 'Its full chair community half end scientist.', '2021-01-09', 'Century fish.', 'Need card.', 63, 'johnsonkathleen');
INSERT INTO post(difficulty, name, publish_date, short_description, steps, time, author) VALUES ('easy', 'Expect on nearly but owner break help.', '2023-02-13', 'Character share.', 'Him model both me.', 100, 'johnsonkathleen');
INSERT INTO post(difficulty, name, publish_date, short_description, steps, time, author) VALUES ('hard', 'Tend cold decade religious thing return within.', '2021-01-02', 'Listen top large type.', 'Must spend without.', 34, 'johnsonkathleen');
INSERT INTO post(difficulty, name, publish_date, short_description, steps, time, author) VALUES ('easy', 'Evening subject follow group more account.', '2020-02-04', 'Network sense American.', 'Large lay full.', 120, 'johnsonkathleen');
INSERT INTO post(difficulty, name, publish_date, short_description, steps, time, author) VALUES ('hard', 'Whom eight catch kitchen.', '2021-12-01', 'Current.', 'Thank own.', 43, 'johnsonkathleen');
INSERT INTO post(difficulty, name, publish_date, short_description, steps, time, author) VALUES ('hard', 'Couple agency test. Despite build involve what.', '2024-05-08', 'Against may admit.', 'Store culture.', 105, 'johnsonkathleen');
INSERT INTO post(difficulty, name, publish_date, short_description, steps, time, author) VALUES ('easy', 'Again citizen push month possible work.', '2022-04-05', 'Face anyone.', 'Explain own add.', 117, 'johnsonkathleen');
INSERT INTO post(difficulty, name, publish_date, short_description, steps, time, author) VALUES ('easy', 'Quality gun step bar. Activity field myself all.', '2023-10-01', 'Will which.', 'My skill trial.', 106, 'shelby84');
INSERT INTO post(difficulty, name, publish_date, short_description, steps, time, author) VALUES ('easy', 'Day less ever fly suggest.', '2020-05-01', 'Huge class.', 'Staff past.', 110, 'shelby84');
INSERT INTO post(difficulty, name, publish_date, short_description, steps, time, author) VALUES ('hard', 'Hand check until account above control.', '2022-03-12', 'Serve pressure.', 'Include international as.', 65, 'shelby84');
INSERT INTO post(difficulty, name, publish_date, short_description, steps, time, author) VALUES ('medium', 'Father summer each none she painting another.', '2022-08-02', 'Choice Republican.', 'Someone.', 39, 'shelby84');
INSERT INTO post(difficulty, name, publish_date, short_description, steps, time, author) VALUES ('medium', 'Into wish baby leg player available stock.', '2021-11-30', 'Writer design his.', 'Entire try.', 113, 'shelby84');
INSERT INTO post(difficulty, name, publish_date, short_description, steps, time, author) VALUES ('medium', 'Investment they laugh already country than.', '2023-02-23', 'Else send black.', 'Day must.', 99, 'shelby84');
INSERT INTO post(difficulty, name, publish_date, short_description, steps, time, author) VALUES ('hard', 'Thousand military term marriage guy store.', '2022-04-19', 'Machine smile rich.', 'Less modern.', 88, 'shelby84');
INSERT INTO post(difficulty, name, publish_date, short_description, steps, time, author) VALUES ('hard', 'Nearly most defense you argue.', '2022-12-05', 'Like possible.', 'Response car.', 63, 'shelby84');
INSERT INTO post(difficulty, name, publish_date, short_description, steps, time, author) VALUES ('medium', 'Operation section commercial job.', '2021-06-15', 'Above budget.', 'Once.', 49, 'shelby84');
INSERT INTO post(difficulty, name, publish_date, short_description, steps, time, author) VALUES ('easy', 'Others state look character visit.', '2020-02-22', 'Religious if report on.', 'Chance move.', 107, 'shelby84');
INSERT INTO post(difficulty, name, publish_date, short_description, steps, time, author) VALUES ('medium', 'Walk book animal such price.', '2021-02-01', 'So threat.', 'Sell where.', 38, 'ybenson');
INSERT INTO post(difficulty, name, publish_date, short_description, steps, time, author) VALUES ('medium', 'Event trip build.', '2023-12-26', 'Piece century care instead.', 'Yet section.', 21, 'ybenson');
INSERT INTO post(difficulty, name, publish_date, short_description, steps, time, author) VALUES ('hard', 'Tv debate woman apply.', '2022-04-10', 'Color now can.', 'Leave attack.', 26, 'ybenson');
INSERT INTO post(difficulty, name, publish_date, short_description, steps, time, author) VALUES ('easy', 'Talk cost between.', '2023-02-07', 'Whether wrong state.', 'Administration.', 24, 'ybenson');
INSERT INTO post(difficulty, name, publish_date, short_description, steps, time, author) VALUES ('easy', 'Sport cost send phone including charge.', '2024-04-27', 'Him recent pay.', 'Behavior whole debate.', 16, 'ybenson');
INSERT INTO post(difficulty, name, publish_date, short_description, steps, time, author) VALUES ('easy', 'Produce moment bar ahead.', '2022-12-05', 'Should south.', 'Somebody one.', 17, 'ybenson');
INSERT INTO post(difficulty, name, publish_date, short_description, steps, time, author) VALUES ('easy', 'Bed door physical.', '2022-02-11', 'Ahead institution.', 'How.', 66, 'ybenson');
INSERT INTO post(difficulty, name, publish_date, short_description, steps, time, author) VALUES ('easy', 'Mr effort interesting.', '2021-06-23', 'Expert hair reality.', 'Through around.', 17, 'ybenson');
INSERT INTO post(difficulty, name, publish_date, short_description, steps, time, author) VALUES ('easy', 'Nothing imagine born offer as.', '2021-09-06', 'Thing country also message.', 'Tough guy media.', 35, 'ybenson');
INSERT INTO post(difficulty, name, publish_date, short_description, steps, time, author) VALUES ('medium', 'Too want space.', '2023-05-03', 'Still message know worker.', 'Word style green.', 49, 'ybenson');
INSERT INTO post(difficulty, name, publish_date, short_description, steps, time, author) VALUES ('medium', 'Low recently property science.', '2022-09-16', 'Pm human during.', 'President law.', 12, 'coxbrian');
INSERT INTO post(difficulty, name, publish_date, short_description, steps, time, author) VALUES ('medium', 'Themselves plant nothing kind to sound up plan.', '2023-03-09', 'You.', 'Seven already.', 117, 'coxbrian');
INSERT INTO post(difficulty, name, publish_date, short_description, steps, time, author) VALUES ('easy', 'Car second lawyer real another.', '2020-08-24', 'Time with everybody.', 'Voice such.', 109, 'coxbrian');
INSERT INTO post(difficulty, name, publish_date, short_description, steps, time, author) VALUES ('medium', 'Indeed rest month opportunity.', '2023-06-09', 'Prepare get both support.', 'Oil forward.', 87, 'coxbrian');
INSERT INTO post(difficulty, name, publish_date, short_description, steps, time, author) VALUES ('medium', 'Certain company performance body hair magazine.', '2023-06-09', 'Window them perform.', 'President past fill.', 21, 'coxbrian');
INSERT INTO post(difficulty, name, publish_date, short_description, steps, time, author) VALUES ('medium', 'Change safe idea. Tend several piece strategy.', '2021-05-03', 'Study mouth.', 'Tax occur low.', 117, 'coxbrian');
INSERT INTO post(difficulty, name, publish_date, short_description, steps, time, author) VALUES ('medium', 'Movie forward side charge commercial.', '2021-03-09', 'Experience card make throughout.', 'Require I.', 18, 'coxbrian');
INSERT INTO post(difficulty, name, publish_date, short_description, steps, time, author) VALUES ('medium', 'Community new foreign medical will.', '2020-08-24', 'Establish change test.', 'Dream police.', 44, 'coxbrian');
INSERT INTO post(difficulty, name, publish_date, short_description, steps, time, author) VALUES ('medium', 'Pressure skill offer born say.', '2020-05-17', 'Natural.', 'Road old.', 8, 'coxbrian');
INSERT INTO post(difficulty, name, publish_date, short_description, steps, time, author) VALUES ('medium', 'Great bag price cultural performance.', '2023-11-01', 'Single security agreement.', 'Investment weight.', 117, 'coxbrian');
INSERT INTO post(difficulty, name, publish_date, short_description, steps, time, author) VALUES ('medium', 'Single consider former film church.', '2020-01-16', 'Foreign benefit may.', 'Toward race herself policy.', 108, 'yolanda71');
INSERT INTO post(difficulty, name, publish_date, short_description, steps, time, author) VALUES ('medium', 'Garden according out begin suddenly factor.', '2022-11-12', 'Agency who.', 'Opportunity themselves.', 118, 'yolanda71');
INSERT INTO post(difficulty, name, publish_date, short_description, steps, time, author) VALUES ('hard', 'Cause party century different.', '2022-07-09', 'Level.', 'Who.', 81, 'yolanda71');
INSERT INTO post(difficulty, name, publish_date, short_description, steps, time, author) VALUES ('easy', 'Letter window fall thought.', '2022-09-09', 'Stock shoulder spend.', 'Visit reveal help.', 64, 'yolanda71');
INSERT INTO post(difficulty, name, publish_date, short_description, steps, time, author) VALUES ('hard', 'They word skill modern.', '2023-11-28', 'East see need.', 'City tend.', 111, 'yolanda71');
INSERT INTO post(difficulty, name, publish_date, short_description, steps, time, author) VALUES ('easy', 'My training feel prove.', '2020-07-25', 'Tv white.', 'Easy case.', 9, 'yolanda71');
INSERT INTO post(difficulty, name, publish_date, short_description, steps, time, author) VALUES ('medium', 'Site family political hard phone into pretty.', '2024-02-19', 'Return spend.', 'Card onto woman.', 105, 'yolanda71');
INSERT INTO post(difficulty, name, publish_date, short_description, steps, time, author) VALUES ('hard', 'Live coach white garden that experience.', '2024-01-27', 'Section drug.', 'International whole start.', 103, 'yolanda71');
INSERT INTO post(difficulty, name, publish_date, short_description, steps, time, author) VALUES ('hard', 'Management year accept brother say write subject.', '2023-04-27', 'Style require Democrat.', 'Admit simply until agree.', 71, 'yolanda71');
INSERT INTO post(difficulty, name, publish_date, short_description, steps, time, author) VALUES ('easy', 'Study fact police special water. Your yet budget.', '2021-04-21', 'Beyond since participant.', 'Close end.', 69, 'yolanda71');
INSERT INTO post(difficulty, name, publish_date, short_description, steps, time, author) VALUES ('easy', 'Wish head century wish help consider road.', '2020-05-04', 'Lay produce.', 'Close.', 107, 'avilajohn');
INSERT INTO post(difficulty, name, publish_date, short_description, steps, time, author) VALUES ('easy', 'Around power peace million employee ago kid.', '2021-10-28', 'Light friend art.', 'Make scientist social.', 107, 'avilajohn');
INSERT INTO post(difficulty, name, publish_date, short_description, steps, time, author) VALUES ('medium', 'Hope against suffer particularly reality.', '2022-01-06', 'Choice.', 'Control call.', 53, 'avilajohn');
INSERT INTO post(difficulty, name, publish_date, short_description, steps, time, author) VALUES ('hard', 'Large professor stuff special factor.', '2023-11-28', 'Religious civil fight.', 'Prove it.', 41, 'avilajohn');
INSERT INTO post(difficulty, name, publish_date, short_description, steps, time, author) VALUES ('hard', 'Laugh law card over indeed.', '2024-04-24', 'Stock land certain education.', 'Measure bar.', 84, 'avilajohn');
INSERT INTO post(difficulty, name, publish_date, short_description, steps, time, author) VALUES ('medium', 'Of send loss face story Congress there.', '2022-08-13', 'Cup effort perhaps.', 'Majority decide he.', 92, 'avilajohn');
INSERT INTO post(difficulty, name, publish_date, short_description, steps, time, author) VALUES ('medium', 'Weight she nor third goal.', '2023-03-08', 'Special consider top order.', 'Risk.', 87, 'avilajohn');
INSERT INTO post(difficulty, name, publish_date, short_description, steps, time, author) VALUES ('medium', 'Discussion raise break unit more ground.', '2024-01-07', 'Establish best subject.', 'Artist study thing reality.', 8, 'avilajohn');
INSERT INTO post(difficulty, name, publish_date, short_description, steps, time, author) VALUES ('easy', 'Former would go natural.', '2023-10-21', 'Close onto person.', 'Environment dinner wonder.', 84, 'avilajohn');
INSERT INTO post(difficulty, name, publish_date, short_description, steps, time, author) VALUES ('easy', 'Anything explain seat total.', '2022-01-17', 'Law medical small.', 'Ahead party stage player.', 70, 'avilajohn');
INSERT INTO post(difficulty, name, publish_date, short_description, steps, time, author) VALUES ('easy', 'Think throw floor quickly step discuss.', '2022-06-18', 'Whole security rather.', 'You place.', 5, 'josephgonzalez');
INSERT INTO post(difficulty, name, publish_date, short_description, steps, time, author) VALUES ('medium', 'Ten time hold seek laugh treat protect book.', '2020-02-24', 'Outside politics training.', 'Night benefit.', 29, 'josephgonzalez');
INSERT INTO post(difficulty, name, publish_date, short_description, steps, time, author) VALUES ('easy', 'Everything bring bed place agency book attention.', '2020-12-01', 'Especially range.', 'Clearly risk.', 17, 'josephgonzalez');
INSERT INTO post(difficulty, name, publish_date, short_description, steps, time, author) VALUES ('medium', 'Your so case pay. Miss clearly a.', '2021-09-16', 'Nor think.', 'Professional he morning.', 72, 'josephgonzalez');
INSERT INTO post(difficulty, name, publish_date, short_description, steps, time, author) VALUES ('easy', 'Wear of national local rock identify.', '2022-12-15', 'Feel.', 'Win identify.', 80, 'josephgonzalez');
INSERT INTO post(difficulty, name, publish_date, short_description, steps, time, author) VALUES ('hard', 'Might customer water garden us cost factor.', '2022-09-20', 'Station only.', 'Off.', 34, 'josephgonzalez');
INSERT INTO post(difficulty, name, publish_date, short_description, steps, time, author) VALUES ('hard', 'International democratic early seven way.', '2024-04-06', 'Prepare difficult meet minute.', 'Couple range.', 32, 'josephgonzalez');
INSERT INTO post(difficulty, name, publish_date, short_description, steps, time, author) VALUES ('medium', 'Imagine truth room moment consumer person add.', '2023-06-03', 'Various bank.', 'Offer quickly compare miss.', 8, 'josephgonzalez');
INSERT INTO post(difficulty, name, publish_date, short_description, steps, time, author) VALUES ('medium', 'Drive into less suddenly president suffer same.', '2021-11-22', 'School head.', 'Identify take surface.', 84, 'josephgonzalez');
INSERT INTO post(difficulty, name, publish_date, short_description, steps, time, author) VALUES ('easy', 'Suggest foot day consider national age.', '2021-11-07', 'How.', 'Guess kitchen.', 95, 'josephgonzalez');
INSERT INTO post(difficulty, name, publish_date, short_description, steps, time, author) VALUES ('medium', 'Art rise peace purpose western deep.', '2023-03-17', 'Us leg large.', 'Pick picture few.', 58, 'robertserrano');
INSERT INTO post(difficulty, name, publish_date, short_description, steps, time, author) VALUES ('hard', 'Will kitchen fast.', '2023-02-27', 'Understand reason.', 'Why collection happy although.', 36, 'robertserrano');
INSERT INTO post(difficulty, name, publish_date, short_description, steps, time, author) VALUES ('easy', 'Sign your other most. Big son imagine contain.', '2020-10-02', 'Next activity religious.', 'Same sound talk.', 61, 'robertserrano');
INSERT INTO post(difficulty, name, publish_date, short_description, steps, time, author) VALUES ('easy', 'Party list wish research.', '2022-06-08', 'Film many everybody.', 'My want finally purpose.', 51, 'robertserrano');
INSERT INTO post(difficulty, name, publish_date, short_description, steps, time, author) VALUES ('medium', 'Friend seven draw safe guess.', '2023-10-31', 'Mr send.', 'Your hotel black speech.', 41, 'robertserrano');
INSERT INTO post(difficulty, name, publish_date, short_description, steps, time, author) VALUES ('hard', 'Quite owner fine hundred beautiful.', '2022-09-12', 'Relate watch.', 'Very above make.', 88, 'robertserrano');
INSERT INTO post(difficulty, name, publish_date, short_description, steps, time, author) VALUES ('medium', 'Full small food child between scene training.', '2020-11-19', 'Ground guy international.', 'Computer.', 12, 'robertserrano');
INSERT INTO post(difficulty, name, publish_date, short_description, steps, time, author) VALUES ('hard', 'Tend field black.', '2024-01-28', 'Chance.', 'Large exist.', 28, 'robertserrano');
INSERT INTO post(difficulty, name, publish_date, short_description, steps, time, author) VALUES ('hard', 'Enjoy budget may despite despite garden pull.', '2021-05-26', 'Leave rate.', 'Include guy.', 33, 'robertserrano');
INSERT INTO post(difficulty, name, publish_date, short_description, steps, time, author) VALUES ('easy', 'Employee really decade event affect green ground.', '2024-04-19', 'Town create.', 'Account place.', 105, 'robertserrano');
INSERT INTO post(difficulty, name, publish_date, short_description, steps, time, author) VALUES ('hard', 'Wear according minute tell.', '2020-01-24', 'Truth or moment.', 'Rate court today.', 12, 'brianroberts');
INSERT INTO post(difficulty, name, publish_date, short_description, steps, time, author) VALUES ('hard', 'Type difference blue federal.', '2023-09-02', 'Physical human.', 'Feeling key show especially.', 10, 'brianroberts');
INSERT INTO post(difficulty, name, publish_date, short_description, steps, time, author) VALUES ('easy', 'Bed author though. Serious big I prove wide.', '2024-01-30', 'Size.', 'Education range what.', 49, 'brianroberts');
INSERT INTO post(difficulty, name, publish_date, short_description, steps, time, author) VALUES ('hard', 'Identify design perhaps.', '2021-02-24', 'Wall have special present.', 'Nearly above step.', 100, 'brianroberts');
INSERT INTO post(difficulty, name, publish_date, short_description, steps, time, author) VALUES ('medium', 'Very actually expert around look.', '2024-03-06', 'Shake might without minute.', 'Property morning prevent.', 61, 'brianroberts');
INSERT INTO post(difficulty, name, publish_date, short_description, steps, time, author) VALUES ('hard', 'Entire professional relate feel use.', '2021-12-28', 'First art.', 'Remain president.', 120, 'brianroberts');
INSERT INTO post(difficulty, name, publish_date, short_description, steps, time, author) VALUES ('easy', 'Run management market before already.', '2020-11-26', 'Purpose specific up.', 'Particularly.', 36, 'brianroberts');
INSERT INTO post(difficulty, name, publish_date, short_description, steps, time, author) VALUES ('hard', 'Ahead government possible question.', '2021-01-03', 'Night decade some name.', 'Best again.', 58, 'brianroberts');
INSERT INTO post(difficulty, name, publish_date, short_description, steps, time, author) VALUES ('hard', 'Structure store medical statement stand report.', '2020-02-15', 'Field president.', 'Difference worker.', 117, 'brianroberts');
INSERT INTO post(difficulty, name, publish_date, short_description, steps, time, author) VALUES ('medium', 'Share name investment hear. Board ok easy safe.', '2023-12-23', 'Speech themselves.', 'Next apply.', 115, 'brianroberts');
INSERT INTO post(difficulty, name, publish_date, short_description, steps, time, author) VALUES ('medium', 'May very minute.', '2020-03-22', 'Agency year.', 'Director issue.', 86, 'andrew55');
INSERT INTO post(difficulty, name, publish_date, short_description, steps, time, author) VALUES ('hard', 'Difference happen claim people rate benefit.', '2023-05-11', 'What feeling.', 'Both government full.', 6, 'andrew55');
INSERT INTO post(difficulty, name, publish_date, short_description, steps, time, author) VALUES ('easy', 'Station simple continue popular.', '2021-09-10', 'Add less.', 'Budget.', 27, 'andrew55');
INSERT INTO post(difficulty, name, publish_date, short_description, steps, time, author) VALUES ('hard', 'Amount course attorney interesting ability.', '2023-06-26', 'Art value several.', 'Still scientist party.', 7, 'andrew55');
INSERT INTO post(difficulty, name, publish_date, short_description, steps, time, author) VALUES ('medium', 'Participant teacher foreign.', '2020-08-13', 'Us near.', 'Provide senior recognize.', 16, 'andrew55');
INSERT INTO post(difficulty, name, publish_date, short_description, steps, time, author) VALUES ('medium', 'Wind move here majority.', '2021-02-08', 'Run talk else sing.', 'Strategy begin image.', 48, 'andrew55');
INSERT INTO post(difficulty, name, publish_date, short_description, steps, time, author) VALUES ('hard', 'According everyone throw dog.', '2023-12-19', 'Knowledge situation risk.', 'Theory create imagine.', 52, 'andrew55');
INSERT INTO post(difficulty, name, publish_date, short_description, steps, time, author) VALUES ('hard', 'Republican to include book want voice have.', '2021-07-03', 'Interest growth plan.', 'Whole they professional president.', 61, 'andrew55');
INSERT INTO post(difficulty, name, publish_date, short_description, steps, time, author) VALUES ('medium', 'Partner officer debate art again.', '2021-10-05', 'Street out five.', 'Try system impact speech.', 109, 'andrew55');
INSERT INTO post(difficulty, name, publish_date, short_description, steps, time, author) VALUES ('hard', 'Dinner half explain large piece produce.', '2022-08-31', 'Next ball wonder.', 'Structure present.', 8, 'andrew55');
INSERT INTO post(difficulty, name, publish_date, short_description, steps, time, author) VALUES ('easy', 'Argue serve Congress already artist theory.', '2023-04-13', 'Health number.', 'Amount girl sport.', 57, 'pcuevas');
INSERT INTO post(difficulty, name, publish_date, short_description, steps, time, author) VALUES ('hard', 'Seek their until traditional.', '2022-07-13', 'Stop just phone.', 'Follow range watch.', 118, 'pcuevas');
INSERT INTO post(difficulty, name, publish_date, short_description, steps, time, author) VALUES ('hard', 'Section also must prepare fine adult.', '2024-03-14', 'Argue talk both.', 'Chance sea.', 117, 'pcuevas');
INSERT INTO post(difficulty, name, publish_date, short_description, steps, time, author) VALUES ('medium', 'Else pattern approach. Happy common enter sister.', '2023-01-20', 'Forward popular difficult.', 'More level.', 13, 'pcuevas');
INSERT INTO post(difficulty, name, publish_date, short_description, steps, time, author) VALUES ('easy', 'Decade member share sense.', '2023-04-28', 'Rest building Republican.', 'Final response.', 57, 'pcuevas');
INSERT INTO post(difficulty, name, publish_date, short_description, steps, time, author) VALUES ('hard', 'Save degree nature performance general.', '2020-09-14', 'Surface bed realize.', 'Professor fight.', 94, 'pcuevas');
INSERT INTO post(difficulty, name, publish_date, short_description, steps, time, author) VALUES ('hard', 'Expert know situation close vote cut.', '2021-11-19', 'However floor seven matter.', 'Smile particular.', 45, 'pcuevas');
INSERT INTO post(difficulty, name, publish_date, short_description, steps, time, author) VALUES ('easy', 'Recently lead by one.', '2020-11-02', 'Real easy.', 'Environment.', 50, 'pcuevas');
INSERT INTO post(difficulty, name, publish_date, short_description, steps, time, author) VALUES ('medium', 'Stop mother conference social coach leader.', '2023-06-05', 'Realize scene.', 'Usually.', 13, 'pcuevas');
INSERT INTO post(difficulty, name, publish_date, short_description, steps, time, author) VALUES ('medium', 'Federal itself item machine hear.', '2022-05-18', 'Bank almost player.', 'Skin officer.', 106, 'pcuevas');
INSERT INTO post(difficulty, name, publish_date, short_description, steps, time, author) VALUES ('medium', 'Order success mean anyone offer way.', '2022-10-20', 'Hand marriage ground.', 'Computer west.', 37, 'dhall');
INSERT INTO post(difficulty, name, publish_date, short_description, steps, time, author) VALUES ('medium', 'Somebody maybe similar.', '2023-03-25', 'Interest hand everyone.', 'Behavior car.', 54, 'dhall');
INSERT INTO post(difficulty, name, publish_date, short_description, steps, time, author) VALUES ('easy', 'Huge speak which child across central.', '2020-12-22', 'Work population score.', 'Suffer poor explain manage.', 93, 'dhall');
INSERT INTO post(difficulty, name, publish_date, short_description, steps, time, author) VALUES ('hard', 'Go sit spring difficult stage about.', '2022-12-17', 'Son.', 'Through speak exist.', 34, 'dhall');
INSERT INTO post(difficulty, name, publish_date, short_description, steps, time, author) VALUES ('medium', 'Remain brother above tend.', '2022-05-29', 'Action why.', 'Down fly realize.', 77, 'dhall');
INSERT INTO post(difficulty, name, publish_date, short_description, steps, time, author) VALUES ('medium', 'Figure feel food nearly bank real situation.', '2022-09-05', 'First federal food.', 'Beautiful draw.', 61, 'dhall');
INSERT INTO post(difficulty, name, publish_date, short_description, steps, time, author) VALUES ('medium', 'History risk give. Assume beautiful try can whom.', '2023-10-16', 'Mother white available.', 'Necessary sea.', 59, 'dhall');
INSERT INTO post(difficulty, name, publish_date, short_description, steps, time, author) VALUES ('easy', 'Analysis federal cause rock believe focus.', '2021-07-11', 'Protect grow benefit.', 'Anyone model.', 37, 'dhall');
INSERT INTO post(difficulty, name, publish_date, short_description, steps, time, author) VALUES ('easy', 'Seven true toward audience factor.', '2024-01-21', 'Likely fire pull.', 'Life rest player alone.', 87, 'dhall');
INSERT INTO post(difficulty, name, publish_date, short_description, steps, time, author) VALUES ('medium', 'Herself fish tell state.', '2024-04-20', 'Year imagine.', 'Staff fight million.', 56, 'dhall');
INSERT INTO post(difficulty, name, publish_date, short_description, steps, time, author) VALUES ('easy', 'Require as population institution appear.', '2020-06-06', 'Unit federal establish.', 'Face operation art prove.', 86, 'robertanthony');
INSERT INTO post(difficulty, name, publish_date, short_description, steps, time, author) VALUES ('medium', 'Fly will use kid possible.', '2023-04-21', 'Like world.', 'Action.', 13, 'robertanthony');
INSERT INTO post(difficulty, name, publish_date, short_description, steps, time, author) VALUES ('hard', 'Avoid police sound benefit everything.', '2023-05-26', 'Wait draw.', 'Truth politics between.', 76, 'robertanthony');
INSERT INTO post(difficulty, name, publish_date, short_description, steps, time, author) VALUES ('easy', 'Girl west pull item well agree skin.', '2020-07-22', 'House place method.', 'Partner skin market.', 81, 'robertanthony');
INSERT INTO post(difficulty, name, publish_date, short_description, steps, time, author) VALUES ('hard', 'Interesting choice kitchen.', '2020-09-14', 'Attorney take suddenly.', 'Her toward east.', 44, 'robertanthony');
INSERT INTO post(difficulty, name, publish_date, short_description, steps, time, author) VALUES ('easy', 'Certain yard notice high cell notice price.', '2022-04-10', 'Natural firm.', 'Miss develop meet attack.', 17, 'robertanthony');
INSERT INTO post(difficulty, name, publish_date, short_description, steps, time, author) VALUES ('medium', 'Prevent heavy list remain size community.', '2024-03-21', 'Trade couple wife.', 'Prepare.', 74, 'robertanthony');
INSERT INTO post(difficulty, name, publish_date, short_description, steps, time, author) VALUES ('hard', 'Hospital fire none no drug simple note edge.', '2024-02-27', 'Next per.', 'House eat station.', 17, 'robertanthony');
INSERT INTO post(difficulty, name, publish_date, short_description, steps, time, author) VALUES ('hard', 'Human open and there.', '2020-03-16', 'Herself article success.', 'Population important until.', 5, 'robertanthony');
INSERT INTO post(difficulty, name, publish_date, short_description, steps, time, author) VALUES ('easy', 'Network threat weight material smile group.', '2020-01-02', 'Seek table.', 'Score history material thus.', 85, 'robertanthony');
INSERT INTO post(difficulty, name, publish_date, short_description, steps, time, author) VALUES ('easy', 'Room shake risk fear field.', '2023-11-21', 'Nearly what item.', 'Economy top cover.', 96, 'angelataylor');
INSERT INTO post(difficulty, name, publish_date, short_description, steps, time, author) VALUES ('hard', 'Only work important picture.', '2020-08-04', 'But back skin.', 'Check your.', 69, 'angelataylor');
INSERT INTO post(difficulty, name, publish_date, short_description, steps, time, author) VALUES ('medium', 'Fly television weight at particular than simply.', '2021-10-14', 'Education degree onto.', 'Must by.', 42, 'angelataylor');
INSERT INTO post(difficulty, name, publish_date, short_description, steps, time, author) VALUES ('medium', 'Middle paper future officer through tell parent.', '2021-02-28', 'New establish number.', 'Behind research.', 104, 'angelataylor');
INSERT INTO post(difficulty, name, publish_date, short_description, steps, time, author) VALUES ('easy', 'Pattern foreign media week civil.', '2020-03-11', 'Move between create career.', 'Professional a oil.', 68, 'angelataylor');
INSERT INTO post(difficulty, name, publish_date, short_description, steps, time, author) VALUES ('medium', 'Glass behavior consider interest think scene.', '2023-12-16', 'Night indeed school garden.', 'Western.', 112, 'angelataylor');
INSERT INTO post(difficulty, name, publish_date, short_description, steps, time, author) VALUES ('easy', 'Argue economic then born.', '2021-07-24', 'Trade person.', 'Item senior article.', 35, 'angelataylor');
INSERT INTO post(difficulty, name, publish_date, short_description, steps, time, author) VALUES ('hard', 'Scientist whether even course official.', '2020-07-01', 'Appear resource.', 'Talk until system.', 95, 'angelataylor');
INSERT INTO post(difficulty, name, publish_date, short_description, steps, time, author) VALUES ('hard', 'Program bill crime site each.', '2022-04-13', 'Young office six strategy.', 'Any which team.', 49, 'angelataylor');
INSERT INTO post(difficulty, name, publish_date, short_description, steps, time, author) VALUES ('hard', 'Relate successful capital among change up.', '2023-06-25', 'Success recognize business business.', 'Try.', 116, 'angelataylor');
INSERT INTO post(difficulty, name, publish_date, short_description, steps, time, author) VALUES ('easy', 'South above simple force foreign.', '2022-05-09', 'Everybody education.', 'Occur beautiful seven.', 55, 'michellesandoval');
INSERT INTO post(difficulty, name, publish_date, short_description, steps, time, author) VALUES ('easy', 'Within peace six sometimes go foreign.', '2023-07-24', 'Produce condition part.', 'Nor believe.', 36, 'michellesandoval');
INSERT INTO post(difficulty, name, publish_date, short_description, steps, time, author) VALUES ('hard', 'Two nature either defense worker product.', '2022-04-03', 'Serve get pattern.', 'Market stock like expert.', 35, 'michellesandoval');
INSERT INTO post(difficulty, name, publish_date, short_description, steps, time, author) VALUES ('medium', 'Adult happen defense cause.', '2024-02-04', 'Million me.', 'Man plant.', 100, 'michellesandoval');
INSERT INTO post(difficulty, name, publish_date, short_description, steps, time, author) VALUES ('hard', 'Instead image writer political eye real.', '2021-06-07', 'Soon care yeah certain.', 'This thus.', 115, 'michellesandoval');
INSERT INTO post(difficulty, name, publish_date, short_description, steps, time, author) VALUES ('easy', 'Head vote sing. Respond every public.', '2022-01-01', 'Heavy between work.', 'Table sit girl.', 68, 'michellesandoval');
INSERT INTO post(difficulty, name, publish_date, short_description, steps, time, author) VALUES ('medium', 'Expert operation of act.', '2023-05-26', 'Congress involve call experience.', 'Than difference.', 97, 'michellesandoval');
INSERT INTO post(difficulty, name, publish_date, short_description, steps, time, author) VALUES ('easy', 'Level executive herself pass.', '2023-10-15', 'Us talk.', 'Between your significant.', 83, 'michellesandoval');
INSERT INTO post(difficulty, name, publish_date, short_description, steps, time, author) VALUES ('easy', 'Dog like prove forget agent live.', '2020-02-10', 'Its position play.', 'Rise nothing message.', 56, 'michellesandoval');
INSERT INTO post(difficulty, name, publish_date, short_description, steps, time, author) VALUES ('hard', 'Lead able beyond near radio determine last.', '2022-07-05', 'Cause president human.', 'Station move.', 68, 'michellesandoval');
INSERT INTO post(difficulty, name, publish_date, short_description, steps, time, author) VALUES ('hard', 'Why service fill late sit and.', '2022-11-07', 'Quickly kind.', 'Already drive subject.', 95, 'jgreen');
INSERT INTO post(difficulty, name, publish_date, short_description, steps, time, author) VALUES ('hard', 'Of like decide goal.', '2022-05-08', 'Sit suggest nation.', 'Business as.', 67, 'jgreen');
INSERT INTO post(difficulty, name, publish_date, short_description, steps, time, author) VALUES ('hard', 'Keep together religious know into culture.', '2022-01-13', 'Will go.', 'Especially yard free.', 67, 'jgreen');
INSERT INTO post(difficulty, name, publish_date, short_description, steps, time, author) VALUES ('medium', 'Meeting protect majority at finish.', '2022-03-14', 'Large.', 'Usually own.', 74, 'jgreen');
INSERT INTO post(difficulty, name, publish_date, short_description, steps, time, author) VALUES ('easy', 'Past field significant suddenly trade.', '2023-01-09', 'Medical professional.', 'Field recent us.', 100, 'jgreen');
INSERT INTO post(difficulty, name, publish_date, short_description, steps, time, author) VALUES ('medium', 'Create eat question produce economy record.', '2023-12-01', 'Technology certainly.', 'Charge light training at.', 86, 'jgreen');
INSERT INTO post(difficulty, name, publish_date, short_description, steps, time, author) VALUES ('easy', 'Lead positive lead unit.', '2020-10-26', 'Ball woman field.', 'Everyone push agreement continue.', 14, 'jgreen');
INSERT INTO post(difficulty, name, publish_date, short_description, steps, time, author) VALUES ('medium', 'National into whether purpose until around.', '2020-04-22', 'Only four.', 'East describe true.', 57, 'jgreen');
INSERT INTO post(difficulty, name, publish_date, short_description, steps, time, author) VALUES ('medium', 'Even simply care. Respond ten anything increase.', '2023-06-24', 'Produce production.', 'Size couple.', 46, 'jgreen');
INSERT INTO post(difficulty, name, publish_date, short_description, steps, time, author) VALUES ('hard', 'Couple of trip ago mother contain.', '2024-03-21', 'Whether start no.', 'Worry hope.', 109, 'jgreen');
INSERT INTO post(difficulty, name, publish_date, short_description, steps, time, author) VALUES ('hard', 'Argue ago law why.', '2023-07-03', 'Catch protect.', 'Manage our per.', 87, 'eric23');
INSERT INTO post(difficulty, name, publish_date, short_description, steps, time, author) VALUES ('hard', 'Near travel amount seek player.', '2022-10-30', 'Director reason wonder.', 'Above consumer include.', 66, 'eric23');
INSERT INTO post(difficulty, name, publish_date, short_description, steps, time, author) VALUES ('hard', 'They great common assume trip.', '2021-04-07', 'Suggest discuss.', 'Single sure.', 70, 'eric23');
INSERT INTO post(difficulty, name, publish_date, short_description, steps, time, author) VALUES ('medium', 'Behind none cup new everybody whose yeah.', '2022-01-16', 'Guess.', 'Pattern perform health.', 33, 'eric23');
INSERT INTO post(difficulty, name, publish_date, short_description, steps, time, author) VALUES ('hard', 'Us thing evening.', '2023-05-23', 'Far game grow.', 'Speak institution law.', 100, 'eric23');
INSERT INTO post(difficulty, name, publish_date, short_description, steps, time, author) VALUES ('hard', 'Soon improve story best organization.', '2022-03-04', 'Anything green.', 'Final.', 27, 'eric23');
INSERT INTO post(difficulty, name, publish_date, short_description, steps, time, author) VALUES ('medium', 'Without record south two conference.', '2020-08-28', 'Staff interview memory.', 'Full issue.', 22, 'eric23');
INSERT INTO post(difficulty, name, publish_date, short_description, steps, time, author) VALUES ('easy', 'Network tend arm front outside indicate stuff.', '2022-02-11', 'Fly structure majority.', 'Occur black history.', 64, 'eric23');
INSERT INTO post(difficulty, name, publish_date, short_description, steps, time, author) VALUES ('medium', 'Letter billion almost reality.', '2021-01-23', 'With have strong.', 'Mention dark weight.', 104, 'eric23');
INSERT INTO post(difficulty, name, publish_date, short_description, steps, time, author) VALUES ('medium', 'Less common style food learn agreement across.', '2022-07-11', 'Of executive.', 'Officer popular.', 28, 'eric23');
INSERT INTO post(difficulty, name, publish_date, short_description, steps, time, author) VALUES ('easy', 'Likely same music.', '2021-09-29', 'Each lawyer pass.', 'Ever physical.', 11, 'gregory20');
INSERT INTO post(difficulty, name, publish_date, short_description, steps, time, author) VALUES ('hard', 'Small above together case people from if.', '2023-09-18', 'Population may.', 'Debate financial.', 72, 'gregory20');
INSERT INTO post(difficulty, name, publish_date, short_description, steps, time, author) VALUES ('easy', 'Matter chair appear here east accept its.', '2022-02-14', 'Radio entire interesting leader.', 'Relate suffer.', 16, 'gregory20');
INSERT INTO post(difficulty, name, publish_date, short_description, steps, time, author) VALUES ('hard', 'Page behind where song.', '2023-06-25', 'Action.', 'Base camera during.', 43, 'gregory20');
INSERT INTO post(difficulty, name, publish_date, short_description, steps, time, author) VALUES ('easy', 'Relate base address himself film believe.', '2021-04-20', 'Budget fine.', 'Property really.', 37, 'gregory20');
INSERT INTO post(difficulty, name, publish_date, short_description, steps, time, author) VALUES ('easy', 'Instead appear point either speech field.', '2020-03-13', 'News fire list.', 'Cultural recently law.', 96, 'gregory20');
INSERT INTO post(difficulty, name, publish_date, short_description, steps, time, author) VALUES ('easy', 'Beyond alone could number measure.', '2022-08-23', 'Prove anything.', 'Stuff better weight.', 45, 'gregory20');
INSERT INTO post(difficulty, name, publish_date, short_description, steps, time, author) VALUES ('medium', 'Remember force so action.', '2024-03-19', 'Democrat student.', 'General picture.', 38, 'gregory20');
INSERT INTO post(difficulty, name, publish_date, short_description, steps, time, author) VALUES ('medium', 'Direction by wear scientist safe foot center.', '2021-03-14', 'For message.', 'End sing.', 61, 'gregory20');
INSERT INTO post(difficulty, name, publish_date, short_description, steps, time, author) VALUES ('hard', 'Country news the reach maintain size career.', '2022-12-09', 'Ten college.', 'Table watch.', 19, 'gregory20');
INSERT INTO post(difficulty, name, publish_date, short_description, steps, time, author) VALUES ('easy', 'Mission young prepare build we.', '2020-07-20', 'Hard wind.', 'Expect court term.', 31, 'jacqueline68');
INSERT INTO post(difficulty, name, publish_date, short_description, steps, time, author) VALUES ('medium', 'Return environmental traditional pretty.', '2022-02-10', 'Wife quickly world.', 'Significant red teacher knowledge.', 82, 'jacqueline68');
INSERT INTO post(difficulty, name, publish_date, short_description, steps, time, author) VALUES ('easy', 'Have allow control relate unit situation feel.', '2020-07-01', 'End town factor.', 'Serve language.', 60, 'jacqueline68');
INSERT INTO post(difficulty, name, publish_date, short_description, steps, time, author) VALUES ('hard', 'Sense billion range check ok not.', '2020-07-18', 'Box leader husband.', 'Perhaps contain.', 56, 'jacqueline68');
INSERT INTO post(difficulty, name, publish_date, short_description, steps, time, author) VALUES ('easy', 'Meeting that arrive including far side.', '2023-01-02', 'Recent report college.', 'Full alone for.', 57, 'jacqueline68');
INSERT INTO post(difficulty, name, publish_date, short_description, steps, time, author) VALUES ('easy', 'Learn yard ever establish mind section style.', '2023-04-20', 'Usually state table.', 'Nearly hope check approach.', 69, 'jacqueline68');
INSERT INTO post(difficulty, name, publish_date, short_description, steps, time, author) VALUES ('easy', 'Degree threat evening personal six.', '2021-05-19', 'Note partner.', 'Five art base.', 20, 'jacqueline68');
INSERT INTO post(difficulty, name, publish_date, short_description, steps, time, author) VALUES ('medium', 'System watch company better about need.', '2022-02-12', 'School.', 'Sound suddenly area.', 45, 'jacqueline68');
INSERT INTO post(difficulty, name, publish_date, short_description, steps, time, author) VALUES ('hard', 'Oil relate wear chair less just anything no.', '2022-03-31', 'Others heavy.', 'War us.', 80, 'jacqueline68');
INSERT INTO post(difficulty, name, publish_date, short_description, steps, time, author) VALUES ('medium', 'Go across company white music section.', '2020-12-15', 'Page wonder minute.', 'Hand culture now.', 16, 'jacqueline68');
INSERT INTO post(difficulty, name, publish_date, short_description, steps, time, author) VALUES ('medium', 'May partner culture keep.', '2021-11-21', 'Act let.', 'Kind history whatever.', 104, 'daltonnoble');
INSERT INTO post(difficulty, name, publish_date, short_description, steps, time, author) VALUES ('medium', 'Task a remain apply administration some walk.', '2021-11-17', 'Vote themselves.', 'Training thing.', 73, 'daltonnoble');
INSERT INTO post(difficulty, name, publish_date, short_description, steps, time, author) VALUES ('easy', 'Over bank later enjoy reflect.', '2021-11-26', 'Company.', 'Edge operation.', 51, 'daltonnoble');
INSERT INTO post(difficulty, name, publish_date, short_description, steps, time, author) VALUES ('hard', 'Say right level about environment reason present.', '2020-01-13', 'Institution authority.', 'Him people develop.', 8, 'daltonnoble');
INSERT INTO post(difficulty, name, publish_date, short_description, steps, time, author) VALUES ('easy', 'Entire east write game.', '2022-11-08', 'Then rule.', 'Reduce beat.', 114, 'daltonnoble');
INSERT INTO post(difficulty, name, publish_date, short_description, steps, time, author) VALUES ('easy', 'Close ready memory inside finish less.', '2024-02-07', 'Drive amount early.', 'Trouble.', 10, 'daltonnoble');
INSERT INTO post(difficulty, name, publish_date, short_description, steps, time, author) VALUES ('medium', 'Within newspaper eight.', '2021-09-25', 'Door fine.', 'Note third home.', 77, 'daltonnoble');
INSERT INTO post(difficulty, name, publish_date, short_description, steps, time, author) VALUES ('easy', 'Game station box marriage include also support.', '2021-01-06', 'But various safe reach.', 'Cultural move.', 13, 'daltonnoble');
INSERT INTO post(difficulty, name, publish_date, short_description, steps, time, author) VALUES ('hard', 'Recent the them card.', '2023-12-10', 'Include sign operation.', 'Word scientist.', 93, 'daltonnoble');
INSERT INTO post(difficulty, name, publish_date, short_description, steps, time, author) VALUES ('easy', 'Room party prove movie create letter young.', '2020-05-06', 'Society should forward.', 'Move staff physical successful.', 74, 'daltonnoble');
INSERT INTO post(difficulty, name, publish_date, short_description, steps, time, author) VALUES ('hard', 'Word significant nothing somebody wish those.', '2020-06-04', 'Toward live defense.', 'Out else.', 98, 'evansjennifer');
INSERT INTO post(difficulty, name, publish_date, short_description, steps, time, author) VALUES ('hard', 'Story rise after often herself.', '2021-07-25', 'Civil full wish.', 'Hospital result need.', 68, 'evansjennifer');
INSERT INTO post(difficulty, name, publish_date, short_description, steps, time, author) VALUES ('easy', 'Movement some color if debate.', '2022-02-10', 'Certainly level.', 'Institution too work.', 102, 'evansjennifer');
INSERT INTO post(difficulty, name, publish_date, short_description, steps, time, author) VALUES ('medium', 'Hear television want fear cost.', '2022-05-20', 'Measure a nor.', 'Answer purpose brother western.', 86, 'evansjennifer');
INSERT INTO post(difficulty, name, publish_date, short_description, steps, time, author) VALUES ('easy', 'Most water offer talk manage happy visit.', '2023-09-22', 'Even image.', 'Law require.', 55, 'evansjennifer');
INSERT INTO post(difficulty, name, publish_date, short_description, steps, time, author) VALUES ('medium', 'Despite question hit key foreign letter.', '2023-04-22', 'Record artist really.', 'Own public history.', 100, 'evansjennifer');
INSERT INTO post(difficulty, name, publish_date, short_description, steps, time, author) VALUES ('medium', 'Us writer television many six from.', '2023-01-14', 'Read physical employee.', 'Record year.', 88, 'evansjennifer');
INSERT INTO post(difficulty, name, publish_date, short_description, steps, time, author) VALUES ('easy', 'Mr walk investment tell never.', '2021-05-02', 'Dark.', 'Major establish deep.', 10, 'evansjennifer');
INSERT INTO post(difficulty, name, publish_date, short_description, steps, time, author) VALUES ('medium', 'Answer very debate hotel.', '2020-08-09', 'Laugh science.', 'Pull tough.', 110, 'evansjennifer');
INSERT INTO post(difficulty, name, publish_date, short_description, steps, time, author) VALUES ('hard', 'Name practice ground service phone may.', '2021-04-19', 'Tonight hair.', 'Start sort back.', 6, 'evansjennifer');
INSERT INTO post(difficulty, name, publish_date, short_description, steps, time, author) VALUES ('hard', 'Parent thought follow laugh weight.', '2020-12-16', 'Plan our dog table.', 'Tough show.', 91, 'diamondperez');
INSERT INTO post(difficulty, name, publish_date, short_description, steps, time, author) VALUES ('easy', 'Buy rather former town.', '2020-05-09', 'Paper expert.', 'Free study agree.', 94, 'diamondperez');
INSERT INTO post(difficulty, name, publish_date, short_description, steps, time, author) VALUES ('hard', 'Collection show economic seat.', '2021-07-26', 'Take economy current.', 'Century small.', 100, 'diamondperez');
INSERT INTO post(difficulty, name, publish_date, short_description, steps, time, author) VALUES ('medium', 'Wish generation move human.', '2020-10-24', 'House hard everything.', 'Fine begin something.', 58, 'diamondperez');
INSERT INTO post(difficulty, name, publish_date, short_description, steps, time, author) VALUES ('hard', 'Lose goal cold gas relate compare parent.', '2020-03-27', 'Again soon.', 'Area scene pick.', 67, 'diamondperez');
INSERT INTO post(difficulty, name, publish_date, short_description, steps, time, author) VALUES ('hard', 'Policy section special share.', '2021-04-06', 'Employee just move.', 'Draw series change at.', 102, 'diamondperez');
INSERT INTO post(difficulty, name, publish_date, short_description, steps, time, author) VALUES ('medium', 'Station week hear tell under spring defense.', '2020-10-28', 'Truth those.', 'Subject identify environment.', 97, 'diamondperez');
INSERT INTO post(difficulty, name, publish_date, short_description, steps, time, author) VALUES ('hard', 'Simple medical memory. Body choose state never.', '2023-01-14', 'Camera suddenly.', 'Bill lot that change.', 50, 'diamondperez');
INSERT INTO post(difficulty, name, publish_date, short_description, steps, time, author) VALUES ('easy', 'Difficult per point prevent husband.', '2024-04-30', 'Total threat.', 'Production walk.', 50, 'diamondperez');
INSERT INTO post(difficulty, name, publish_date, short_description, steps, time, author) VALUES ('easy', 'Eat anything far charge herself enough.', '2021-10-20', 'Everybody effect.', 'Table.', 110, 'diamondperez');
INSERT INTO post(difficulty, name, publish_date, short_description, steps, time, author) VALUES ('easy', 'Both east society with between.', '2023-03-23', 'With new.', 'Commercial should.', 43, 'cfitzgerald');
INSERT INTO post(difficulty, name, publish_date, short_description, steps, time, author) VALUES ('easy', 'Kind note say rule.', '2021-01-16', 'Opportunity already store season.', 'Of whether young.', 105, 'cfitzgerald');
INSERT INTO post(difficulty, name, publish_date, short_description, steps, time, author) VALUES ('easy', 'Carry level dark.', '2020-08-26', 'Cause sort commercial.', 'Executive represent.', 69, 'cfitzgerald');
INSERT INTO post(difficulty, name, publish_date, short_description, steps, time, author) VALUES ('hard', 'After foreign generation rest power.', '2024-01-28', 'Control herself price herself.', 'May generation country.', 5, 'cfitzgerald');
INSERT INTO post(difficulty, name, publish_date, short_description, steps, time, author) VALUES ('hard', 'Daughter clearly reflect floor lot debate.', '2021-07-25', 'Government after.', 'Lawyer stand able defense.', 120, 'cfitzgerald');
INSERT INTO post(difficulty, name, publish_date, short_description, steps, time, author) VALUES ('hard', 'Western beyond teach trade any.', '2020-01-24', 'Property never people.', 'Generation feeling.', 96, 'cfitzgerald');
INSERT INTO post(difficulty, name, publish_date, short_description, steps, time, author) VALUES ('easy', 'Identify blue example include value team company.', '2022-04-29', 'How source someone.', 'In cold.', 83, 'cfitzgerald');
INSERT INTO post(difficulty, name, publish_date, short_description, steps, time, author) VALUES ('easy', 'Line ever ok who tonight collection.', '2021-01-16', 'Today address political.', 'Direction off.', 54, 'cfitzgerald');
INSERT INTO post(difficulty, name, publish_date, short_description, steps, time, author) VALUES ('hard', 'Medical reach today doctor federal.', '2022-05-16', 'White agree himself.', 'Nation idea three.', 109, 'cfitzgerald');
INSERT INTO post(difficulty, name, publish_date, short_description, steps, time, author) VALUES ('easy', 'Beautiful century believe too listen.', '2021-07-21', 'Road fish.', 'Sign the theory.', 33, 'cfitzgerald');
INSERT INTO post(difficulty, name, publish_date, short_description, steps, time, author) VALUES ('hard', 'Loss drive thought concern offer young remember.', '2021-12-20', 'Point finish.', 'Too back.', 57, 'antoniopowers');
INSERT INTO post(difficulty, name, publish_date, short_description, steps, time, author) VALUES ('easy', 'Commercial forget source range not.', '2023-08-08', 'White that.', 'Standard hand ok.', 107, 'antoniopowers');
INSERT INTO post(difficulty, name, publish_date, short_description, steps, time, author) VALUES ('hard', 'Style Mr there politics near director girl east.', '2022-10-09', 'Sea few try.', 'Any chair gas.', 48, 'antoniopowers');
INSERT INTO post(difficulty, name, publish_date, short_description, steps, time, author) VALUES ('medium', 'Together fund box yeah several past ground.', '2024-02-17', 'Western hard hot down.', 'Five story.', 86, 'antoniopowers');
INSERT INTO post(difficulty, name, publish_date, short_description, steps, time, author) VALUES ('medium', 'Interest in character theory see.', '2024-03-18', 'Such interview.', 'Summer national modern.', 5, 'antoniopowers');
INSERT INTO post(difficulty, name, publish_date, short_description, steps, time, author) VALUES ('easy', 'Compare positive ask back wife notice need.', '2023-03-21', 'Nice policy.', 'Them than according worry.', 58, 'antoniopowers');
INSERT INTO post(difficulty, name, publish_date, short_description, steps, time, author) VALUES ('easy', 'Several determine somebody meet wonder.', '2022-09-29', 'Thing well.', 'White floor.', 112, 'antoniopowers');
INSERT INTO post(difficulty, name, publish_date, short_description, steps, time, author) VALUES ('easy', 'Contain high peace glass soldier training seat.', '2022-02-18', 'Beat.', 'Down drop.', 51, 'antoniopowers');
INSERT INTO post(difficulty, name, publish_date, short_description, steps, time, author) VALUES ('easy', 'Star home artist according page process order.', '2020-10-02', 'House game since mouth.', 'You have.', 44, 'antoniopowers');
INSERT INTO post(difficulty, name, publish_date, short_description, steps, time, author) VALUES ('hard', 'War energy claim grow cost.', '2023-05-22', 'Others whom.', 'Manage action.', 8, 'antoniopowers');
INSERT INTO post(difficulty, name, publish_date, short_description, steps, time, author) VALUES ('medium', 'Western property protect dark.', '2022-01-13', 'Conference begin agree.', 'Watch financial risk.', 8, 'seanburke');
INSERT INTO post(difficulty, name, publish_date, short_description, steps, time, author) VALUES ('easy', 'Mention reduce candidate by cut think.', '2023-01-28', 'Care manager live.', 'Gas.', 100, 'seanburke');
INSERT INTO post(difficulty, name, publish_date, short_description, steps, time, author) VALUES ('hard', 'Market let finally miss. Garden vote beyond.', '2021-12-07', 'Would sit fear.', 'Trouble everyone.', 42, 'seanburke');
INSERT INTO post(difficulty, name, publish_date, short_description, steps, time, author) VALUES ('medium', 'Produce against southern choice into trade play.', '2021-03-30', 'Imagine little leader.', 'Recognize our serious.', 115, 'seanburke');
INSERT INTO post(difficulty, name, publish_date, short_description, steps, time, author) VALUES ('easy', 'Study morning our challenge treat see such begin.', '2020-07-23', 'Dinner.', 'Stage agreement.', 90, 'seanburke');
INSERT INTO post(difficulty, name, publish_date, short_description, steps, time, author) VALUES ('easy', 'Season late task stuff.', '2024-03-31', 'Factor.', 'Once more forward.', 77, 'seanburke');
INSERT INTO post(difficulty, name, publish_date, short_description, steps, time, author) VALUES ('easy', 'Sometimes difficult coach lot job still eye born.', '2023-08-21', 'List exactly war.', 'Just enter result.', 40, 'seanburke');
INSERT INTO post(difficulty, name, publish_date, short_description, steps, time, author) VALUES ('medium', 'Read hour necessary then.', '2020-04-14', 'Dog or.', 'Respond number we.', 64, 'seanburke');
INSERT INTO post(difficulty, name, publish_date, short_description, steps, time, author) VALUES ('medium', 'Business take everyone major situation.', '2021-03-29', 'Hope act.', 'Effort play skill seem.', 67, 'seanburke');
INSERT INTO post(difficulty, name, publish_date, short_description, steps, time, author) VALUES ('easy', 'Enough hospital say couple candidate.', '2022-03-06', 'Thought management glass.', 'Whole popular.', 24, 'seanburke');
INSERT INTO post(difficulty, name, publish_date, short_description, steps, time, author) VALUES ('medium', 'Church institution choice.', '2022-01-13', 'Office around.', 'Make receive charge.', 79, 'mahoneytracey');
INSERT INTO post(difficulty, name, publish_date, short_description, steps, time, author) VALUES ('medium', 'Fine study mother state writer.', '2022-09-17', 'Finish performance.', 'Space case interest.', 5, 'mahoneytracey');
INSERT INTO post(difficulty, name, publish_date, short_description, steps, time, author) VALUES ('medium', 'Station model if nor so evening.', '2021-04-09', 'Everyone pay.', 'Base anything.', 15, 'mahoneytracey');
INSERT INTO post(difficulty, name, publish_date, short_description, steps, time, author) VALUES ('medium', 'Allow physical share question claim strategy.', '2022-09-27', 'Yourself nearly say.', 'Country dream a.', 19, 'mahoneytracey');
INSERT INTO post(difficulty, name, publish_date, short_description, steps, time, author) VALUES ('medium', 'Happen attack information just sort factor into.', '2023-04-16', 'Free race national.', 'Like owner.', 42, 'mahoneytracey');
INSERT INTO post(difficulty, name, publish_date, short_description, steps, time, author) VALUES ('medium', 'Total serious prevent reflect share.', '2023-02-20', 'Market kid.', 'Push view everybody major.', 6, 'mahoneytracey');
INSERT INTO post(difficulty, name, publish_date, short_description, steps, time, author) VALUES ('easy', 'Project per successful toward number site father.', '2021-09-25', 'Also peace it.', 'Seem claim.', 105, 'mahoneytracey');
INSERT INTO post(difficulty, name, publish_date, short_description, steps, time, author) VALUES ('easy', 'Recognize couple set society particular.', '2020-05-16', 'Meeting mind long kind.', 'Sport meeting learn.', 80, 'mahoneytracey');
INSERT INTO post(difficulty, name, publish_date, short_description, steps, time, author) VALUES ('easy', 'Story guess dark on standard.', '2023-10-27', 'Specific fill.', 'Although white.', 41, 'mahoneytracey');
INSERT INTO post(difficulty, name, publish_date, short_description, steps, time, author) VALUES ('medium', 'Fall front must bed mind hit.', '2021-10-09', 'Weight law design.', 'Evidence plan.', 97, 'mahoneytracey');
INSERT INTO post(difficulty, name, publish_date, short_description, steps, time, author) VALUES ('easy', 'Final yard suggest big involve can.', '2021-05-28', 'Practice eye research or.', 'Three expect world.', 79, 'diane89');
INSERT INTO post(difficulty, name, publish_date, short_description, steps, time, author) VALUES ('easy', 'Be why play enjoy. All particularly arrive yes.', '2023-07-30', 'Federal radio.', 'Generation at attorney.', 55, 'diane89');
INSERT INTO post(difficulty, name, publish_date, short_description, steps, time, author) VALUES ('medium', 'Full push interest fill last.', '2024-04-12', 'Energy nation produce.', 'Mission almost even.', 115, 'diane89');
INSERT INTO post(difficulty, name, publish_date, short_description, steps, time, author) VALUES ('easy', 'Rule program western nature system price.', '2023-10-18', 'Write new threat.', 'Arm fill environmental.', 108, 'diane89');
INSERT INTO post(difficulty, name, publish_date, short_description, steps, time, author) VALUES ('hard', 'Toward task space case pass.', '2021-02-04', 'Apply challenge respond.', 'Big performance score result.', 29, 'diane89');
INSERT INTO post(difficulty, name, publish_date, short_description, steps, time, author) VALUES ('medium', 'Policy stock effort water population expect.', '2022-06-03', 'Poor thank everything other.', 'Apply stock.', 31, 'diane89');
INSERT INTO post(difficulty, name, publish_date, short_description, steps, time, author) VALUES ('medium', 'Weight trade center assume.', '2020-07-18', 'Else.', 'Board art room.', 25, 'diane89');
INSERT INTO post(difficulty, name, publish_date, short_description, steps, time, author) VALUES ('medium', 'Take loss political name.', '2023-09-14', 'Participant show pressure.', 'Eat because.', 91, 'diane89');
INSERT INTO post(difficulty, name, publish_date, short_description, steps, time, author) VALUES ('easy', 'Stock by play middle also establish animal plant.', '2022-08-19', 'Mention full picture different.', 'Without act.', 22, 'diane89');
INSERT INTO post(difficulty, name, publish_date, short_description, steps, time, author) VALUES ('easy', 'Air show world order late provide.', '2020-04-28', 'Ability three.', 'Fire woman stay house.', 77, 'diane89');
INSERT INTO post(difficulty, name, publish_date, short_description, steps, time, author) VALUES ('easy', 'Clear TV method inside clear glass company.', '2020-10-06', 'Should.', 'Soldier find voice.', 89, 'sarah59');
INSERT INTO post(difficulty, name, publish_date, short_description, steps, time, author) VALUES ('hard', 'Understand positive north history yourself.', '2024-02-19', 'Purpose shake that view.', 'Shoulder activity.', 42, 'sarah59');
INSERT INTO post(difficulty, name, publish_date, short_description, steps, time, author) VALUES ('easy', 'Into note cover ever. Her serve boy image.', '2020-10-17', 'Will win player.', 'Which note between.', 35, 'sarah59');
INSERT INTO post(difficulty, name, publish_date, short_description, steps, time, author) VALUES ('easy', 'Course attorney focus.', '2021-04-24', 'Day bank.', 'Strong amount.', 31, 'sarah59');
INSERT INTO post(difficulty, name, publish_date, short_description, steps, time, author) VALUES ('hard', 'Relate hit design prove arm.', '2022-09-27', 'Store response garden.', 'Drug student.', 20, 'sarah59');
INSERT INTO post(difficulty, name, publish_date, short_description, steps, time, author) VALUES ('medium', 'Hit economic artist rather be class occur.', '2023-03-13', 'Care.', 'Popular firm.', 106, 'sarah59');
INSERT INTO post(difficulty, name, publish_date, short_description, steps, time, author) VALUES ('medium', 'Sound common power herself hotel.', '2022-10-30', 'Claim many street.', 'Attack.', 40, 'sarah59');
INSERT INTO post(difficulty, name, publish_date, short_description, steps, time, author) VALUES ('medium', 'Human third direction rather finally term town.', '2022-07-20', 'Kitchen well business.', 'Five nor purpose.', 37, 'sarah59');
INSERT INTO post(difficulty, name, publish_date, short_description, steps, time, author) VALUES ('easy', 'No road time. Open feel fine sure interesting.', '2024-04-16', 'As.', 'Series.', 48, 'sarah59');
INSERT INTO post(difficulty, name, publish_date, short_description, steps, time, author) VALUES ('easy', 'Try adult billion ability.', '2021-09-08', 'Place building his.', 'He any.', 37, 'sarah59');
INSERT INTO post(difficulty, name, publish_date, short_description, steps, time, author) VALUES ('medium', 'Nature word south investment.', '2020-05-11', 'Place single baby.', 'Article cost.', 30, 'richard77');
INSERT INTO post(difficulty, name, publish_date, short_description, steps, time, author) VALUES ('easy', 'Store really camera majority add same.', '2023-11-26', 'Above appear.', 'Speak magazine off.', 48, 'richard77');
INSERT INTO post(difficulty, name, publish_date, short_description, steps, time, author) VALUES ('easy', 'Young research material.', '2021-10-28', 'Speech more stock.', 'Building themselves.', 89, 'richard77');
INSERT INTO post(difficulty, name, publish_date, short_description, steps, time, author) VALUES ('easy', 'Goal movement born trouble toward mind.', '2023-04-25', 'Determine wish.', 'Figure sound game grow.', 18, 'richard77');
INSERT INTO post(difficulty, name, publish_date, short_description, steps, time, author) VALUES ('easy', 'Ahead his difficult. Case enough represent.', '2024-02-27', 'Who choice.', 'Audience force.', 22, 'richard77');
INSERT INTO post(difficulty, name, publish_date, short_description, steps, time, author) VALUES ('medium', 'Idea kind radio machine deep travel.', '2020-11-16', 'Better join organization.', 'Serious interest increase.', 24, 'richard77');
INSERT INTO post(difficulty, name, publish_date, short_description, steps, time, author) VALUES ('easy', 'Sister heart only assume candidate.', '2021-12-07', 'Require stand bill.', 'And modern.', 62, 'richard77');
INSERT INTO post(difficulty, name, publish_date, short_description, steps, time, author) VALUES ('easy', 'Me south majority show their long blood positive.', '2023-06-30', 'Wrong miss wide.', 'Loss respond general.', 103, 'richard77');
INSERT INTO post(difficulty, name, publish_date, short_description, steps, time, author) VALUES ('hard', 'Blood simple fast nice especially art leg kind.', '2022-06-05', 'Ok want.', 'Season prevent assume.', 61, 'richard77');
INSERT INTO post(difficulty, name, publish_date, short_description, steps, time, author) VALUES ('medium', 'Participant visit military nor any have cut.', '2023-12-31', 'Sometimes simply player.', 'Road for fine.', 63, 'richard77');
INSERT INTO post(difficulty, name, publish_date, short_description, steps, time, author) VALUES ('hard', 'Final space go thousand.', '2022-03-20', 'Truth learn.', 'Clearly day.', 91, 'fulleramanda');
INSERT INTO post(difficulty, name, publish_date, short_description, steps, time, author) VALUES ('hard', 'Care election represent close air hour.', '2023-08-12', 'Material happen.', 'Business.', 50, 'fulleramanda');
INSERT INTO post(difficulty, name, publish_date, short_description, steps, time, author) VALUES ('easy', 'Role ball two hold.', '2023-11-16', 'Letter tough.', 'Rise Democrat.', 109, 'fulleramanda');
INSERT INTO post(difficulty, name, publish_date, short_description, steps, time, author) VALUES ('medium', 'Industry race group environmental soon pick.', '2021-12-11', 'Million unit happen.', 'Ahead send.', 95, 'fulleramanda');
INSERT INTO post(difficulty, name, publish_date, short_description, steps, time, author) VALUES ('easy', 'Notice figure letter tax opportunity.', '2021-05-23', 'Back dog minute.', 'Walk other.', 100, 'fulleramanda');
INSERT INTO post(difficulty, name, publish_date, short_description, steps, time, author) VALUES ('medium', 'Once buy simply lose finally paper positive.', '2020-01-14', 'Own quite above.', 'Player central speak.', 69, 'fulleramanda');
INSERT INTO post(difficulty, name, publish_date, short_description, steps, time, author) VALUES ('hard', 'Camera life south national deep.', '2020-12-17', 'Simple test time.', 'Vote else several.', 59, 'fulleramanda');
INSERT INTO post(difficulty, name, publish_date, short_description, steps, time, author) VALUES ('hard', 'Citizen mission become since call firm.', '2021-07-07', 'Each edge rule.', 'Pay everybody image.', 26, 'fulleramanda');
INSERT INTO post(difficulty, name, publish_date, short_description, steps, time, author) VALUES ('easy', 'Beyond American likely.', '2022-12-07', 'Tree structure task.', 'Concern become again.', 77, 'fulleramanda');
INSERT INTO post(difficulty, name, publish_date, short_description, steps, time, author) VALUES ('hard', 'Long reflect national despite.', '2024-03-24', 'Effort with.', 'Not.', 101, 'fulleramanda');
INSERT INTO post(difficulty, name, publish_date, short_description, steps, time, author) VALUES ('hard', 'Owner whom audience become nice from.', '2020-11-27', 'Remain must pattern with.', 'Your indeed.', 118, 'gabrielhernandez');
INSERT INTO post(difficulty, name, publish_date, short_description, steps, time, author) VALUES ('medium', 'Relate wall choice different.', '2022-09-02', 'Politics fast.', 'Reality year former.', 73, 'gabrielhernandez');
INSERT INTO post(difficulty, name, publish_date, short_description, steps, time, author) VALUES ('hard', 'Push born religious today investment.', '2020-10-31', 'Move dog her.', 'Suggest strong.', 86, 'gabrielhernandez');
INSERT INTO post(difficulty, name, publish_date, short_description, steps, time, author) VALUES ('medium', 'Either else cost front open cover away.', '2022-05-13', 'Eat person message.', 'Sell.', 42, 'gabrielhernandez');
INSERT INTO post(difficulty, name, publish_date, short_description, steps, time, author) VALUES ('easy', 'Vote building space how. Tell second friend you.', '2024-01-18', 'Including middle.', 'Happen major protect.', 66, 'gabrielhernandez');
INSERT INTO post(difficulty, name, publish_date, short_description, steps, time, author) VALUES ('medium', 'By fire decision home lose.', '2023-10-18', 'Religious image stay.', 'Final so trip.', 48, 'gabrielhernandez');
INSERT INTO post(difficulty, name, publish_date, short_description, steps, time, author) VALUES ('hard', 'Half land apply west will.', '2021-01-03', 'Religious manage organization peace.', 'Give protect focus table.', 32, 'gabrielhernandez');
INSERT INTO post(difficulty, name, publish_date, short_description, steps, time, author) VALUES ('hard', 'Star trip provide catch yeah American.', '2023-10-08', 'At usually short.', 'Image class wife great.', 96, 'gabrielhernandez');
INSERT INTO post(difficulty, name, publish_date, short_description, steps, time, author) VALUES ('easy', 'Experience station us drug teach plant.', '2023-12-13', 'Catch party.', 'Smile detail.', 93, 'gabrielhernandez');
INSERT INTO post(difficulty, name, publish_date, short_description, steps, time, author) VALUES ('hard', 'End example Congress sing someone material.', '2021-10-31', 'Social pull want.', 'Sport.', 46, 'gabrielhernandez');
INSERT INTO post(difficulty, name, publish_date, short_description, steps, time, author) VALUES ('hard', 'Cold business step political fish when affect.', '2020-04-28', 'Letter everyone also.', 'Affect good road.', 79, 'lambertwanda');
INSERT INTO post(difficulty, name, publish_date, short_description, steps, time, author) VALUES ('medium', 'Poor three simple eight brother fill.', '2022-03-11', 'How impact.', 'Father fire daughter.', 16, 'lambertwanda');
INSERT INTO post(difficulty, name, publish_date, short_description, steps, time, author) VALUES ('easy', 'Trip allow nature school.', '2024-04-21', 'Institution page pass.', 'Least something.', 61, 'lambertwanda');
INSERT INTO post(difficulty, name, publish_date, short_description, steps, time, author) VALUES ('medium', 'Relationship Mrs little television nation five.', '2020-08-31', 'Enough character some.', 'Defense assume.', 116, 'lambertwanda');
INSERT INTO post(difficulty, name, publish_date, short_description, steps, time, author) VALUES ('medium', 'Season six store themselves rock size race.', '2020-04-10', 'Tend imagine step.', 'Anyone national.', 61, 'lambertwanda');
INSERT INTO post(difficulty, name, publish_date, short_description, steps, time, author) VALUES ('medium', 'Area debate place control piece respond member.', '2022-12-16', 'Name available.', 'Strong must.', 76, 'lambertwanda');
INSERT INTO post(difficulty, name, publish_date, short_description, steps, time, author) VALUES ('hard', 'Serve crime recently statement send sign ago.', '2020-05-21', 'Although operation moment.', 'Away cover.', 72, 'lambertwanda');
INSERT INTO post(difficulty, name, publish_date, short_description, steps, time, author) VALUES ('medium', 'Market stay well service fly tell reality.', '2022-10-15', 'Medical.', 'Real for.', 104, 'lambertwanda');
INSERT INTO post(difficulty, name, publish_date, short_description, steps, time, author) VALUES ('easy', 'Sign check will.', '2023-03-09', 'Development increase.', 'Knowledge single keep.', 13, 'lambertwanda');
INSERT INTO post(difficulty, name, publish_date, short_description, steps, time, author) VALUES ('hard', 'Area while wind of article speak material.', '2022-04-21', 'Foreign window series.', 'Those someone.', 55, 'lambertwanda');
INSERT INTO post(difficulty, name, publish_date, short_description, steps, time, author) VALUES ('medium', 'Month eat health house.', '2022-07-11', 'Name energy low throughout.', 'Animal south determine.', 57, 'david43');
INSERT INTO post(difficulty, name, publish_date, short_description, steps, time, author) VALUES ('medium', 'Since practice thing crime beyond them.', '2023-09-09', 'Major there.', 'Beautiful Mr family.', 94, 'david43');
INSERT INTO post(difficulty, name, publish_date, short_description, steps, time, author) VALUES ('medium', 'Down media over offer young cup field director.', '2024-03-07', 'Young final read while.', 'Product agreement do.', 17, 'david43');
INSERT INTO post(difficulty, name, publish_date, short_description, steps, time, author) VALUES ('medium', 'Property serve more lawyer Mr body.', '2023-10-13', 'Production collection.', 'Different off fast.', 30, 'david43');
INSERT INTO post(difficulty, name, publish_date, short_description, steps, time, author) VALUES ('easy', 'Travel stand cover.', '2024-03-08', 'Stuff expect.', 'Teach majority recent increase.', 105, 'david43');
INSERT INTO post(difficulty, name, publish_date, short_description, steps, time, author) VALUES ('hard', 'Pick number blood what administration.', '2021-12-25', 'Enjoy lead mother.', 'Get vote type.', 39, 'david43');
INSERT INTO post(difficulty, name, publish_date, short_description, steps, time, author) VALUES ('easy', 'Such no radio Congress hundred his impact.', '2020-01-27', 'Half.', 'Front before bill.', 11, 'david43');
INSERT INTO post(difficulty, name, publish_date, short_description, steps, time, author) VALUES ('hard', 'Lose history spring hair.', '2021-08-10', 'Particular.', 'Different lead.', 101, 'david43');
INSERT INTO post(difficulty, name, publish_date, short_description, steps, time, author) VALUES ('medium', 'Later letter share teacher understand.', '2022-12-06', 'Deep especially discover.', 'Student address blue.', 44, 'david43');
INSERT INTO post(difficulty, name, publish_date, short_description, steps, time, author) VALUES ('medium', 'Something out sport can work picture when.', '2021-02-15', 'Billion name.', 'Yeah strong song.', 113, 'david43');
INSERT INTO post(difficulty, name, publish_date, short_description, steps, time, author) VALUES ('easy', 'Sign miss growth song.', '2020-07-14', 'Brother teacher nothing.', 'Night than always.', 40, 'barberkrista');
INSERT INTO post(difficulty, name, publish_date, short_description, steps, time, author) VALUES ('hard', 'Effort any someone indeed help.', '2022-05-20', 'Fall foreign music.', 'High during space between.', 61, 'barberkrista');
INSERT INTO post(difficulty, name, publish_date, short_description, steps, time, author) VALUES ('medium', 'Impact generation discuss team usually.', '2022-03-30', 'Recently keep.', 'Parent attorney however true.', 72, 'barberkrista');
INSERT INTO post(difficulty, name, publish_date, short_description, steps, time, author) VALUES ('medium', 'Affect pressure military should.', '2023-03-07', 'South house two.', 'Able author.', 106, 'barberkrista');
INSERT INTO post(difficulty, name, publish_date, short_description, steps, time, author) VALUES ('medium', 'Tv gun concern turn difference nice.', '2024-01-11', 'Together employee kind majority.', 'Clear carry heart.', 119, 'barberkrista');
INSERT INTO post(difficulty, name, publish_date, short_description, steps, time, author) VALUES ('easy', 'Friend site keep decision stock television.', '2023-11-01', 'System PM nothing.', 'Soldier brother phone.', 60, 'barberkrista');
INSERT INTO post(difficulty, name, publish_date, short_description, steps, time, author) VALUES ('hard', 'Action glass campaign natural political tough.', '2021-02-19', 'Thus staff.', 'Race ahead daughter.', 17, 'barberkrista');
INSERT INTO post(difficulty, name, publish_date, short_description, steps, time, author) VALUES ('easy', 'Onto central free establish attorney long.', '2021-10-20', 'Those can shake.', 'So we major.', 63, 'barberkrista');
INSERT INTO post(difficulty, name, publish_date, short_description, steps, time, author) VALUES ('medium', 'Watch consider fly along. City firm will.', '2023-08-05', 'Get gas.', 'Over worry little.', 118, 'barberkrista');
INSERT INTO post(difficulty, name, publish_date, short_description, steps, time, author) VALUES ('hard', 'Near far bag.', '2022-12-26', 'Without court cover.', 'Role approach.', 69, 'barberkrista');
INSERT INTO post(difficulty, name, publish_date, short_description, steps, time, author) VALUES ('easy', 'Cup push free our picture blood.', '2021-04-04', 'Theory doctor.', 'Side performance environmental.', 55, 'charlesgonzales');
INSERT INTO post(difficulty, name, publish_date, short_description, steps, time, author) VALUES ('medium', 'Least able fire any.', '2023-10-30', 'Sport help.', 'Letter range.', 15, 'charlesgonzales');
INSERT INTO post(difficulty, name, publish_date, short_description, steps, time, author) VALUES ('easy', 'Often fund chance suffer sister edge throw.', '2021-07-08', 'Actually watch.', 'Believe want.', 53, 'charlesgonzales');
INSERT INTO post(difficulty, name, publish_date, short_description, steps, time, author) VALUES ('hard', 'Rule citizen produce nothing land move.', '2021-03-19', 'Remain Republican.', 'Agree of.', 38, 'charlesgonzales');
INSERT INTO post(difficulty, name, publish_date, short_description, steps, time, author) VALUES ('easy', 'Stage professor bad office smile.', '2020-10-24', 'Serve compare.', 'Receive.', 62, 'charlesgonzales');
INSERT INTO post(difficulty, name, publish_date, short_description, steps, time, author) VALUES ('easy', 'Present ball yeah newspaper itself tax federal.', '2023-06-25', 'Science share build.', 'Seat my record.', 117, 'charlesgonzales');
INSERT INTO post(difficulty, name, publish_date, short_description, steps, time, author) VALUES ('medium', 'But third attorney behind.', '2021-03-21', 'While issue own.', 'Cut very.', 33, 'charlesgonzales');
INSERT INTO post(difficulty, name, publish_date, short_description, steps, time, author) VALUES ('medium', 'Reflect place address court reason.', '2021-11-24', 'Hand fear.', 'Gun discussion unit.', 63, 'charlesgonzales');
INSERT INTO post(difficulty, name, publish_date, short_description, steps, time, author) VALUES ('hard', 'Image way person side.', '2021-02-22', 'Very message.', 'Stand vote.', 11, 'charlesgonzales');
INSERT INTO post(difficulty, name, publish_date, short_description, steps, time, author) VALUES ('hard', 'Citizen way hope measure floor check after.', '2020-01-10', 'Speak million.', 'Get occur.', 118, 'charlesgonzales');
INSERT INTO post(difficulty, name, publish_date, short_description, steps, time, author) VALUES ('easy', 'Event candidate involve agree.', '2022-06-04', 'Effort.', 'Field option.', 46, 'smithpenny');
INSERT INTO post(difficulty, name, publish_date, short_description, steps, time, author) VALUES ('medium', 'Two film woman natural fire while ahead.', '2022-07-27', 'Nice newspaper.', 'Director data wonder.', 10, 'smithpenny');
INSERT INTO post(difficulty, name, publish_date, short_description, steps, time, author) VALUES ('medium', 'Out blue forward trade difference less truth.', '2023-04-28', 'Condition.', 'Board human many.', 21, 'smithpenny');
INSERT INTO post(difficulty, name, publish_date, short_description, steps, time, author) VALUES ('easy', 'Ten history especially beautiful daughter per.', '2023-09-28', 'Check.', 'Avoid father summer.', 30, 'smithpenny');
INSERT INTO post(difficulty, name, publish_date, short_description, steps, time, author) VALUES ('easy', 'Anything than dinner them view foot article.', '2021-05-31', 'With nice throw.', 'Late onto.', 60, 'smithpenny');
INSERT INTO post(difficulty, name, publish_date, short_description, steps, time, author) VALUES ('easy', 'Image sometimes close.', '2024-01-19', 'Reveal.', 'Top suffer.', 100, 'smithpenny');
INSERT INTO post(difficulty, name, publish_date, short_description, steps, time, author) VALUES ('easy', 'Chair defense partner physical account.', '2023-09-11', 'Man experience.', 'Budget continue full.', 120, 'smithpenny');
INSERT INTO post(difficulty, name, publish_date, short_description, steps, time, author) VALUES ('easy', 'Outside challenge us discuss range owner.', '2024-05-02', 'Organization site parent.', 'Last of into.', 107, 'smithpenny');
INSERT INTO post(difficulty, name, publish_date, short_description, steps, time, author) VALUES ('hard', 'Office once physical hot.', '2020-12-22', 'Art walk.', 'Evidence hot.', 83, 'smithpenny');
INSERT INTO post(difficulty, name, publish_date, short_description, steps, time, author) VALUES ('medium', 'Source chair second shoulder true yes.', '2020-05-19', 'Stand.', 'Future detail.', 35, 'smithpenny');
INSERT INTO post(difficulty, name, publish_date, short_description, steps, time, author) VALUES ('medium', 'Kitchen data production.', '2020-07-03', 'Most bag.', 'Personal movement her.', 24, 'christopher63');
INSERT INTO post(difficulty, name, publish_date, short_description, steps, time, author) VALUES ('hard', 'Region old resource rest thought executive.', '2020-06-09', 'Interest.', 'Section soon.', 32, 'christopher63');
INSERT INTO post(difficulty, name, publish_date, short_description, steps, time, author) VALUES ('hard', 'Child speak center skill term will education.', '2022-07-18', 'Serve how.', 'Fear consider early.', 35, 'christopher63');
INSERT INTO post(difficulty, name, publish_date, short_description, steps, time, author) VALUES ('medium', 'Artist could factor however accept.', '2020-06-04', 'Ever billion.', 'Yes main.', 79, 'christopher63');
INSERT INTO post(difficulty, name, publish_date, short_description, steps, time, author) VALUES ('hard', 'Blood strong kind than heavy American name first.', '2020-11-20', 'Continue it political.', 'Wife music.', 106, 'christopher63');
INSERT INTO post(difficulty, name, publish_date, short_description, steps, time, author) VALUES ('medium', 'There event share left property career.', '2020-06-24', 'Identify can.', 'Big reflect always.', 40, 'christopher63');
INSERT INTO post(difficulty, name, publish_date, short_description, steps, time, author) VALUES ('hard', 'Real officer activity cultural decade.', '2022-12-03', 'Future cell.', 'Where course.', 25, 'christopher63');
INSERT INTO post(difficulty, name, publish_date, short_description, steps, time, author) VALUES ('medium', 'Girl effort enjoy.', '2020-01-01', 'Green sometimes card.', 'International.', 20, 'christopher63');
INSERT INTO post(difficulty, name, publish_date, short_description, steps, time, author) VALUES ('easy', 'Along public phone something there.', '2021-06-01', 'Dark instead.', 'Activity can threat.', 40, 'christopher63');
INSERT INTO post(difficulty, name, publish_date, short_description, steps, time, author) VALUES ('easy', 'Thank class direction memory new.', '2022-12-29', 'Common science leg fill.', 'Program world address.', 106, 'christopher63');
INSERT INTO post(difficulty, name, publish_date, short_description, steps, time, author) VALUES ('easy', 'People game later play outside.', '2023-07-19', 'Bad home down.', 'Feel finish capital.', 91, 'ericporter');
INSERT INTO post(difficulty, name, publish_date, short_description, steps, time, author) VALUES ('easy', 'Republican bank future Democrat wide live call.', '2021-06-03', 'Side east have.', 'Site education ability.', 75, 'ericporter');
INSERT INTO post(difficulty, name, publish_date, short_description, steps, time, author) VALUES ('hard', 'Become everyone sea speak rate identify security.', '2023-12-20', 'Difficult soon.', 'Over letter.', 45, 'ericporter');
INSERT INTO post(difficulty, name, publish_date, short_description, steps, time, author) VALUES ('easy', 'Fast miss work analysis less break.', '2024-03-21', 'Consumer feel this.', 'Power pick improve.', 63, 'ericporter');
INSERT INTO post(difficulty, name, publish_date, short_description, steps, time, author) VALUES ('easy', 'Read whether teacher another account hundred.', '2024-03-02', 'Short any.', 'Age listen.', 15, 'ericporter');
INSERT INTO post(difficulty, name, publish_date, short_description, steps, time, author) VALUES ('easy', 'Movement raise left explain must over total.', '2021-11-20', 'Church million.', 'Gas.', 57, 'ericporter');
INSERT INTO post(difficulty, name, publish_date, short_description, steps, time, author) VALUES ('medium', 'Usually media plant this. Feel ask PM edge.', '2024-04-26', 'Weight imagine.', 'Value ability there.', 119, 'ericporter');
INSERT INTO post(difficulty, name, publish_date, short_description, steps, time, author) VALUES ('medium', 'Under I environmental page.', '2023-07-16', 'Among country.', 'Standard short interest Mrs.', 17, 'ericporter');
INSERT INTO post(difficulty, name, publish_date, short_description, steps, time, author) VALUES ('easy', 'Today during visit to more.', '2021-10-24', 'Thousand feeling.', 'Research step hotel.', 24, 'ericporter');
INSERT INTO post(difficulty, name, publish_date, short_description, steps, time, author) VALUES ('easy', 'Weight recently general reflect trip.', '2021-10-25', 'Firm board whom.', 'Where writer fast.', 46, 'ericporter');
INSERT INTO post(difficulty, name, publish_date, short_description, steps, time, author) VALUES ('medium', 'Rock statement college usually.', '2023-12-17', 'Himself single same.', 'Assume share guy.', 81, 'franklintaylor');
INSERT INTO post(difficulty, name, publish_date, short_description, steps, time, author) VALUES ('hard', 'Beautiful one same make.', '2020-02-03', 'Food much increase.', 'Prove former base.', 26, 'franklintaylor');
INSERT INTO post(difficulty, name, publish_date, short_description, steps, time, author) VALUES ('hard', 'Open person deal.', '2020-10-22', 'Yet yet material off.', 'Expert bill take.', 113, 'franklintaylor');
INSERT INTO post(difficulty, name, publish_date, short_description, steps, time, author) VALUES ('medium', 'Agree clearly three song about set once.', '2023-05-09', 'Ok serious production than.', 'Exactly mention.', 90, 'franklintaylor');
INSERT INTO post(difficulty, name, publish_date, short_description, steps, time, author) VALUES ('medium', 'Indeed forget morning top forget manager.', '2021-03-23', 'Lawyer by outside.', 'Partner its.', 61, 'franklintaylor');
INSERT INTO post(difficulty, name, publish_date, short_description, steps, time, author) VALUES ('hard', 'Training run must sport arrive. Mean face yeah.', '2020-03-04', 'Put son.', 'Tonight place discuss.', 105, 'franklintaylor');
INSERT INTO post(difficulty, name, publish_date, short_description, steps, time, author) VALUES ('medium', 'Officer film friend program interview Mr sound.', '2023-12-24', 'Service beautiful fly.', 'Space.', 89, 'franklintaylor');
INSERT INTO post(difficulty, name, publish_date, short_description, steps, time, author) VALUES ('easy', 'Value toward card threat debate.', '2023-02-24', 'Itself player wonder.', 'Site pass.', 80, 'franklintaylor');
INSERT INTO post(difficulty, name, publish_date, short_description, steps, time, author) VALUES ('medium', 'Do newspaper human eat answer mention.', '2020-01-03', 'Community parent ten.', 'Give former big.', 94, 'franklintaylor');
INSERT INTO post(difficulty, name, publish_date, short_description, steps, time, author) VALUES ('medium', 'Moment population physical hope.', '2020-01-13', 'Build quality administration.', 'Bill degree party.', 47, 'franklintaylor');
INSERT INTO post(difficulty, name, publish_date, short_description, steps, time, author) VALUES ('medium', 'Consider rate generation.', '2023-03-02', 'Four.', 'Out present.', 119, 'adodson');
INSERT INTO post(difficulty, name, publish_date, short_description, steps, time, author) VALUES ('hard', 'Class away single wall concern.', '2022-12-30', 'Effort give throughout.', 'Choose pressure.', 12, 'adodson');
INSERT INTO post(difficulty, name, publish_date, short_description, steps, time, author) VALUES ('easy', 'Alone live wait serve.', '2023-11-18', 'Day can hear.', 'Billion nothing threat.', 50, 'adodson');
INSERT INTO post(difficulty, name, publish_date, short_description, steps, time, author) VALUES ('medium', 'Necessary by ago difficult.', '2021-07-21', 'Future teach cause.', 'Point agree history goal.', 69, 'adodson');
INSERT INTO post(difficulty, name, publish_date, short_description, steps, time, author) VALUES ('hard', 'Article along large already.', '2020-08-03', 'Look drive.', 'Money staff feeling.', 13, 'adodson');
INSERT INTO post(difficulty, name, publish_date, short_description, steps, time, author) VALUES ('medium', 'Story talk outside speech yourself the defense.', '2023-08-24', 'Born ago.', 'Life card involve.', 16, 'adodson');
INSERT INTO post(difficulty, name, publish_date, short_description, steps, time, author) VALUES ('easy', 'Budget draw bag if religious.', '2020-06-24', 'Management old why.', 'Crime consider by.', 120, 'adodson');
INSERT INTO post(difficulty, name, publish_date, short_description, steps, time, author) VALUES ('medium', 'Say program half control identify.', '2023-02-03', 'Maybe.', 'Move.', 83, 'adodson');
INSERT INTO post(difficulty, name, publish_date, short_description, steps, time, author) VALUES ('medium', 'Speech amount next contain. Under walk close us.', '2022-04-30', 'Law fire suggest.', 'To property available.', 117, 'adodson');
INSERT INTO post(difficulty, name, publish_date, short_description, steps, time, author) VALUES ('easy', 'Quality season down what stage.', '2020-10-08', 'Chair.', 'Official.', 78, 'adodson');
INSERT INTO post(difficulty, name, publish_date, short_description, steps, time, author) VALUES ('medium', 'Several ready around listen member.', '2020-02-09', 'Road especially form next.', 'Learn each environmental.', 30, 'lesliewoodward');
INSERT INTO post(difficulty, name, publish_date, short_description, steps, time, author) VALUES ('medium', 'Expert fast able my possible third.', '2023-07-01', 'Small institution.', 'Hit each pretty.', 81, 'lesliewoodward');
INSERT INTO post(difficulty, name, publish_date, short_description, steps, time, author) VALUES ('easy', 'Stage likely later cut court.', '2020-12-30', 'Probably identify receive.', 'Although me.', 95, 'lesliewoodward');
INSERT INTO post(difficulty, name, publish_date, short_description, steps, time, author) VALUES ('hard', 'They word blood page voice might job.', '2022-11-10', 'Thought most.', 'Follow seek.', 39, 'lesliewoodward');
INSERT INTO post(difficulty, name, publish_date, short_description, steps, time, author) VALUES ('easy', 'Agency admit mouth size man.', '2021-06-24', 'Traditional run.', 'Technology job future.', 112, 'lesliewoodward');
INSERT INTO post(difficulty, name, publish_date, short_description, steps, time, author) VALUES ('easy', 'Interview should drop group.', '2020-11-29', 'Ten poor.', 'Card drive few design.', 56, 'lesliewoodward');
INSERT INTO post(difficulty, name, publish_date, short_description, steps, time, author) VALUES ('easy', 'Maybe several although outside.', '2020-07-03', 'Ten name move.', 'By draw step.', 91, 'lesliewoodward');
INSERT INTO post(difficulty, name, publish_date, short_description, steps, time, author) VALUES ('medium', 'Fly weight record sort dream put common.', '2023-04-22', 'Purpose section.', 'Among treatment wonder.', 46, 'lesliewoodward');
INSERT INTO post(difficulty, name, publish_date, short_description, steps, time, author) VALUES ('hard', 'Friend somebody party detail my say little.', '2021-06-26', 'Statement describe measure.', 'Boy exactly.', 7, 'lesliewoodward');
INSERT INTO post(difficulty, name, publish_date, short_description, steps, time, author) VALUES ('hard', 'Usually remain agency goal executive.', '2022-01-18', 'Concern.', 'Former base the.', 21, 'lesliewoodward');
INSERT INTO post(difficulty, name, publish_date, short_description, steps, time, author) VALUES ('easy', 'Home south church put middle sound participant.', '2020-09-24', 'Yourself believe.', 'Yes high article.', 102, 'paul52');
INSERT INTO post(difficulty, name, publish_date, short_description, steps, time, author) VALUES ('hard', 'Color worker building too.', '2020-07-18', 'Production.', 'Build push.', 102, 'paul52');
INSERT INTO post(difficulty, name, publish_date, short_description, steps, time, author) VALUES ('easy', 'Thank child final issue. Score care poor five.', '2020-10-16', 'Entire worker treatment.', 'Body hold.', 109, 'paul52');
INSERT INTO post(difficulty, name, publish_date, short_description, steps, time, author) VALUES ('medium', 'Ok teach these drug serve.', '2022-08-25', 'Republican than.', 'Hotel hold interview.', 118, 'paul52');
INSERT INTO post(difficulty, name, publish_date, short_description, steps, time, author) VALUES ('hard', 'Huge tell look its official best artist.', '2022-10-10', 'Compare before two.', 'Reason conference bad.', 112, 'paul52');
INSERT INTO post(difficulty, name, publish_date, short_description, steps, time, author) VALUES ('hard', 'Special that few knowledge safe.', '2022-08-23', 'Two day official.', 'Government.', 120, 'paul52');
INSERT INTO post(difficulty, name, publish_date, short_description, steps, time, author) VALUES ('medium', 'Operation role bag once think prove.', '2020-04-02', 'Past player town.', 'Decide type industry.', 55, 'paul52');
INSERT INTO post(difficulty, name, publish_date, short_description, steps, time, author) VALUES ('hard', 'Page never no.', '2021-01-08', 'Color fire itself.', 'Effect should feel candidate.', 38, 'paul52');
INSERT INTO post(difficulty, name, publish_date, short_description, steps, time, author) VALUES ('medium', 'Easy allow listen ability language class.', '2020-01-02', 'Home another.', 'Upon sing important.', 52, 'paul52');
INSERT INTO post(difficulty, name, publish_date, short_description, steps, time, author) VALUES ('medium', 'Down understand hit culture.', '2021-02-08', 'Accept able bill.', 'Father trade society.', 22, 'paul52');
INSERT INTO post(difficulty, name, publish_date, short_description, steps, time, author) VALUES ('medium', 'Resource control artist adult.', '2020-09-08', 'Read door PM.', 'Land us.', 12, 'wendy87');
INSERT INTO post(difficulty, name, publish_date, short_description, steps, time, author) VALUES ('easy', 'Late describe per decide name partner.', '2023-04-22', 'But environmental begin.', 'Clear deal while.', 42, 'wendy87');
INSERT INTO post(difficulty, name, publish_date, short_description, steps, time, author) VALUES ('easy', 'South hospital imagine good.', '2020-08-13', 'Detail provide send.', 'Benefit collection.', 117, 'wendy87');
INSERT INTO post(difficulty, name, publish_date, short_description, steps, time, author) VALUES ('medium', 'Brother mother design cell.', '2022-05-13', 'Collection across mean discuss.', 'Toward from magazine.', 55, 'wendy87');
INSERT INTO post(difficulty, name, publish_date, short_description, steps, time, author) VALUES ('easy', 'Story buy away someone television crime my.', '2023-03-02', 'Open value.', 'Tell nearly window only.', 14, 'wendy87');
INSERT INTO post(difficulty, name, publish_date, short_description, steps, time, author) VALUES ('easy', 'Not his evidence none.', '2020-05-14', 'Take authority.', 'Call whole a.', 77, 'wendy87');
INSERT INTO post(difficulty, name, publish_date, short_description, steps, time, author) VALUES ('hard', 'Evidence approach picture price job.', '2023-11-13', 'Radio agency prevent.', 'Task happen learn.', 116, 'wendy87');
INSERT INTO post(difficulty, name, publish_date, short_description, steps, time, author) VALUES ('medium', 'Eight son employee must.', '2023-10-15', 'Heart never.', 'Effort language mother under.', 117, 'wendy87');
INSERT INTO post(difficulty, name, publish_date, short_description, steps, time, author) VALUES ('medium', 'City cold wear attack.', '2020-04-27', 'Else.', 'Card soon heart defense.', 26, 'wendy87');
INSERT INTO post(difficulty, name, publish_date, short_description, steps, time, author) VALUES ('easy', 'Social should police prepare term.', '2020-10-07', 'Third against computer.', 'However soldier.', 16, 'wendy87');
INSERT INTO post(difficulty, name, publish_date, short_description, steps, time, author) VALUES ('easy', 'Available group worker style significant remain.', '2022-05-04', 'However serve.', 'Less wife.', 45, 'jonduffy');
INSERT INTO post(difficulty, name, publish_date, short_description, steps, time, author) VALUES ('hard', 'Size group trouble tough voice.', '2021-03-13', 'Face game finally.', 'Ever director.', 15, 'jonduffy');
INSERT INTO post(difficulty, name, publish_date, short_description, steps, time, author) VALUES ('easy', 'Call environmental new both.', '2022-12-20', 'Dark painting.', 'Ball employee.', 39, 'jonduffy');
INSERT INTO post(difficulty, name, publish_date, short_description, steps, time, author) VALUES ('easy', 'Cell recognize tend wind.', '2020-11-09', 'Join leave leave.', 'Lose focus.', 9, 'jonduffy');
INSERT INTO post(difficulty, name, publish_date, short_description, steps, time, author) VALUES ('medium', 'Six state beautiful billion audience may.', '2021-02-16', 'Dog thank north hair.', 'Close better moment course.', 120, 'jonduffy');
INSERT INTO post(difficulty, name, publish_date, short_description, steps, time, author) VALUES ('hard', 'Discover support nor opportunity outside agree.', '2020-03-23', 'Newspaper as.', 'Heart this test.', 9, 'jonduffy');
INSERT INTO post(difficulty, name, publish_date, short_description, steps, time, author) VALUES ('medium', 'On ask ability its.', '2023-09-13', 'Economy manager.', 'Amount campaign.', 41, 'jonduffy');
INSERT INTO post(difficulty, name, publish_date, short_description, steps, time, author) VALUES ('easy', 'Tell water surface personal show me forget also.', '2021-08-02', 'Base arm.', 'City opportunity board.', 112, 'jonduffy');
INSERT INTO post(difficulty, name, publish_date, short_description, steps, time, author) VALUES ('medium', 'Daughter should east.', '2023-12-14', 'Indeed education source.', 'Success accept.', 73, 'jonduffy');
INSERT INTO post(difficulty, name, publish_date, short_description, steps, time, author) VALUES ('medium', 'Perhaps lose sing her away same.', '2020-11-04', 'Class certain sing yes.', 'Our contain.', 103, 'jonduffy');
INSERT INTO post(difficulty, name, publish_date, short_description, steps, time, author) VALUES ('hard', 'Push method since front onto indicate whatever.', '2021-09-17', 'All especially perform debate.', 'Effort hundred interview.', 41, 'hernandezlucas');
INSERT INTO post(difficulty, name, publish_date, short_description, steps, time, author) VALUES ('medium', 'West inside analysis threat easy one its.', '2022-09-25', 'Least set development.', 'Somebody now some.', 69, 'hernandezlucas');
INSERT INTO post(difficulty, name, publish_date, short_description, steps, time, author) VALUES ('hard', 'Throughout whose TV civil.', '2021-02-05', 'Speak.', 'Table unit.', 34, 'hernandezlucas');
INSERT INTO post(difficulty, name, publish_date, short_description, steps, time, author) VALUES ('easy', 'Community free must enter specific own day.', '2020-03-02', 'Attention.', 'Great dinner.', 25, 'hernandezlucas');
INSERT INTO post(difficulty, name, publish_date, short_description, steps, time, author) VALUES ('easy', 'Music notice hundred measure.', '2021-09-21', 'New can must.', 'About occur improve.', 116, 'hernandezlucas');
INSERT INTO post(difficulty, name, publish_date, short_description, steps, time, author) VALUES ('easy', 'Entire amount member administration.', '2022-10-30', 'Same class again.', 'Stay bring wife.', 96, 'hernandezlucas');
INSERT INTO post(difficulty, name, publish_date, short_description, steps, time, author) VALUES ('medium', 'Lawyer stuff other various democratic cultural I.', '2022-11-09', 'Worry hear generation.', 'Through opportunity.', 32, 'hernandezlucas');
INSERT INTO post(difficulty, name, publish_date, short_description, steps, time, author) VALUES ('medium', 'News conference star bag cultural with.', '2023-06-09', 'Garden sit.', 'Next magazine.', 27, 'hernandezlucas');
INSERT INTO post(difficulty, name, publish_date, short_description, steps, time, author) VALUES ('easy', 'Cup feel short answer born trip.', '2021-12-20', 'Share particularly.', 'Accept thousand between.', 106, 'hernandezlucas');
INSERT INTO post(difficulty, name, publish_date, short_description, steps, time, author) VALUES ('hard', 'Same mission degree air yeah.', '2022-01-13', 'Maybe season.', 'Provide sure.', 55, 'hernandezlucas');
INSERT INTO post(difficulty, name, publish_date, short_description, steps, time, author) VALUES ('easy', 'Good traditional energy.', '2023-04-20', 'Provide.', 'Police.', 11, 'jose80');
INSERT INTO post(difficulty, name, publish_date, short_description, steps, time, author) VALUES ('easy', 'Page threat military research less behind.', '2023-08-12', 'Just mouth keep.', 'Hope add live.', 73, 'jose80');
INSERT INTO post(difficulty, name, publish_date, short_description, steps, time, author) VALUES ('easy', 'Buy benefit whole go compare back child.', '2023-05-28', 'Try development through.', 'Create yard citizen week.', 21, 'jose80');
INSERT INTO post(difficulty, name, publish_date, short_description, steps, time, author) VALUES ('easy', 'Source he remember happy possible subject series.', '2021-08-06', 'Begin pattern language.', 'Nature ten people.', 10, 'jose80');
INSERT INTO post(difficulty, name, publish_date, short_description, steps, time, author) VALUES ('hard', 'Wonder five his as.', '2022-11-03', 'Position response especially.', 'Defense material reality back.', 62, 'jose80');
INSERT INTO post(difficulty, name, publish_date, short_description, steps, time, author) VALUES ('medium', 'Young today form rich thing simply.', '2021-08-03', 'Bad general.', 'Deep seem.', 109, 'jose80');
INSERT INTO post(difficulty, name, publish_date, short_description, steps, time, author) VALUES ('easy', 'Present community billion hair dream.', '2023-07-13', 'Table source.', 'Only edge.', 37, 'jose80');
INSERT INTO post(difficulty, name, publish_date, short_description, steps, time, author) VALUES ('hard', 'Person research condition practice receive.', '2021-08-07', 'Color protect.', 'Risk young.', 18, 'jose80');
INSERT INTO post(difficulty, name, publish_date, short_description, steps, time, author) VALUES ('hard', 'Month drug what lot.', '2022-10-07', 'Station American.', 'Wait food.', 87, 'jose80');
INSERT INTO post(difficulty, name, publish_date, short_description, steps, time, author) VALUES ('hard', 'Some discover ever dark no seek give.', '2023-12-27', 'Environment dark.', 'Light local shoulder.', 103, 'jose80');
INSERT INTO photo(photo_url, post_id) VALUES ('https://picsum.photos/200/300?random=209', 1);
INSERT INTO photo(photo_url, post_id) VALUES ('https://picsum.photos/200/300?random=524', 2);
INSERT INTO photo(photo_url, post_id) VALUES ('https://picsum.photos/200/300?random=946', 3);
INSERT INTO photo(photo_url, post_id) VALUES ('https://picsum.photos/200/300?random=772', 4);
INSERT INTO photo(photo_url, post_id) VALUES ('https://picsum.photos/200/300?random=280', 5);
INSERT INTO photo(photo_url, post_id) VALUES ('https://picsum.photos/200/300?random=912', 6);
INSERT INTO photo(photo_url, post_id) VALUES ('https://picsum.photos/200/300?random=763', 7);
INSERT INTO photo(photo_url, post_id) VALUES ('https://picsum.photos/200/300?random=593', 8);
INSERT INTO photo(photo_url, post_id) VALUES ('https://picsum.photos/200/300?random=475', 9);
INSERT INTO photo(photo_url, post_id) VALUES ('https://picsum.photos/200/300?random=577', 10);
INSERT INTO photo(photo_url, post_id) VALUES ('https://picsum.photos/200/300?random=945', 11);
INSERT INTO photo(photo_url, post_id) VALUES ('https://picsum.photos/200/300?random=784', 12);
INSERT INTO photo(photo_url, post_id) VALUES ('https://picsum.photos/200/300?random=425', 13);
INSERT INTO photo(photo_url, post_id) VALUES ('https://picsum.photos/200/300?random=120', 14);
INSERT INTO photo(photo_url, post_id) VALUES ('https://picsum.photos/200/300?random=244', 15);
INSERT INTO photo(photo_url, post_id) VALUES ('https://picsum.photos/200/300?random=264', 16);
INSERT INTO photo(photo_url, post_id) VALUES ('https://picsum.photos/200/300?random=211', 17);
INSERT INTO photo(photo_url, post_id) VALUES ('https://picsum.photos/200/300?random=957', 18);
INSERT INTO photo(photo_url, post_id) VALUES ('https://picsum.photos/200/300?random=789', 19);
INSERT INTO photo(photo_url, post_id) VALUES ('https://picsum.photos/200/300?random=935', 20);
INSERT INTO photo(photo_url, post_id) VALUES ('https://picsum.photos/200/300?random=241', 21);
INSERT INTO photo(photo_url, post_id) VALUES ('https://picsum.photos/200/300?random=629', 22);
INSERT INTO photo(photo_url, post_id) VALUES ('https://picsum.photos/200/300?random=788', 23);
INSERT INTO photo(photo_url, post_id) VALUES ('https://picsum.photos/200/300?random=462', 24);
INSERT INTO photo(photo_url, post_id) VALUES ('https://picsum.photos/200/300?random=149', 25);
INSERT INTO photo(photo_url, post_id) VALUES ('https://picsum.photos/200/300?random=839', 26);
INSERT INTO photo(photo_url, post_id) VALUES ('https://picsum.photos/200/300?random=20', 27);
INSERT INTO photo(photo_url, post_id) VALUES ('https://picsum.photos/200/300?random=853', 28);
INSERT INTO photo(photo_url, post_id) VALUES ('https://picsum.photos/200/300?random=285', 29);
INSERT INTO photo(photo_url, post_id) VALUES ('https://picsum.photos/200/300?random=302', 30);
INSERT INTO photo(photo_url, post_id) VALUES ('https://picsum.photos/200/300?random=414', 31);
INSERT INTO photo(photo_url, post_id) VALUES ('https://picsum.photos/200/300?random=853', 32);
INSERT INTO photo(photo_url, post_id) VALUES ('https://picsum.photos/200/300?random=630', 33);
INSERT INTO photo(photo_url, post_id) VALUES ('https://picsum.photos/200/300?random=44', 34);
INSERT INTO photo(photo_url, post_id) VALUES ('https://picsum.photos/200/300?random=250', 35);
INSERT INTO photo(photo_url, post_id) VALUES ('https://picsum.photos/200/300?random=881', 36);
INSERT INTO photo(photo_url, post_id) VALUES ('https://picsum.photos/200/300?random=250', 37);
INSERT INTO photo(photo_url, post_id) VALUES ('https://picsum.photos/200/300?random=398', 38);
INSERT INTO photo(photo_url, post_id) VALUES ('https://picsum.photos/200/300?random=918', 39);
INSERT INTO photo(photo_url, post_id) VALUES ('https://picsum.photos/200/300?random=36', 40);
INSERT INTO photo(photo_url, post_id) VALUES ('https://picsum.photos/200/300?random=758', 41);
INSERT INTO photo(photo_url, post_id) VALUES ('https://picsum.photos/200/300?random=729', 42);
INSERT INTO photo(photo_url, post_id) VALUES ('https://picsum.photos/200/300?random=378', 43);
INSERT INTO photo(photo_url, post_id) VALUES ('https://picsum.photos/200/300?random=385', 44);
INSERT INTO photo(photo_url, post_id) VALUES ('https://picsum.photos/200/300?random=945', 45);
INSERT INTO photo(photo_url, post_id) VALUES ('https://picsum.photos/200/300?random=801', 46);
INSERT INTO photo(photo_url, post_id) VALUES ('https://picsum.photos/200/300?random=532', 47);
INSERT INTO photo(photo_url, post_id) VALUES ('https://picsum.photos/200/300?random=552', 48);
INSERT INTO photo(photo_url, post_id) VALUES ('https://picsum.photos/200/300?random=970', 49);
INSERT INTO photo(photo_url, post_id) VALUES ('https://picsum.photos/200/300?random=963', 50);
INSERT INTO photo(photo_url, post_id) VALUES ('https://picsum.photos/200/300?random=866', 51);
INSERT INTO photo(photo_url, post_id) VALUES ('https://picsum.photos/200/300?random=632', 52);
INSERT INTO photo(photo_url, post_id) VALUES ('https://picsum.photos/200/300?random=399', 53);
INSERT INTO photo(photo_url, post_id) VALUES ('https://picsum.photos/200/300?random=109', 54);
INSERT INTO photo(photo_url, post_id) VALUES ('https://picsum.photos/200/300?random=190', 55);
INSERT INTO photo(photo_url, post_id) VALUES ('https://picsum.photos/200/300?random=22', 56);
INSERT INTO photo(photo_url, post_id) VALUES ('https://picsum.photos/200/300?random=804', 57);
INSERT INTO photo(photo_url, post_id) VALUES ('https://picsum.photos/200/300?random=623', 58);
INSERT INTO photo(photo_url, post_id) VALUES ('https://picsum.photos/200/300?random=726', 59);
INSERT INTO photo(photo_url, post_id) VALUES ('https://picsum.photos/200/300?random=726', 60);
INSERT INTO photo(photo_url, post_id) VALUES ('https://picsum.photos/200/300?random=250', 61);
INSERT INTO photo(photo_url, post_id) VALUES ('https://picsum.photos/200/300?random=20', 62);
INSERT INTO photo(photo_url, post_id) VALUES ('https://picsum.photos/200/300?random=288', 63);
INSERT INTO photo(photo_url, post_id) VALUES ('https://picsum.photos/200/300?random=704', 64);
INSERT INTO photo(photo_url, post_id) VALUES ('https://picsum.photos/200/300?random=89', 65);
INSERT INTO photo(photo_url, post_id) VALUES ('https://picsum.photos/200/300?random=584', 66);
INSERT INTO photo(photo_url, post_id) VALUES ('https://picsum.photos/200/300?random=810', 67);
INSERT INTO photo(photo_url, post_id) VALUES ('https://picsum.photos/200/300?random=874', 68);
INSERT INTO photo(photo_url, post_id) VALUES ('https://picsum.photos/200/300?random=663', 69);
INSERT INTO photo(photo_url, post_id) VALUES ('https://picsum.photos/200/300?random=129', 70);
INSERT INTO photo(photo_url, post_id) VALUES ('https://picsum.photos/200/300?random=636', 71);
INSERT INTO photo(photo_url, post_id) VALUES ('https://picsum.photos/200/300?random=37', 72);
INSERT INTO photo(photo_url, post_id) VALUES ('https://picsum.photos/200/300?random=287', 73);
INSERT INTO photo(photo_url, post_id) VALUES ('https://picsum.photos/200/300?random=171', 74);
INSERT INTO photo(photo_url, post_id) VALUES ('https://picsum.photos/200/300?random=38', 75);
INSERT INTO photo(photo_url, post_id) VALUES ('https://picsum.photos/200/300?random=356', 76);
INSERT INTO photo(photo_url, post_id) VALUES ('https://picsum.photos/200/300?random=422', 77);
INSERT INTO photo(photo_url, post_id) VALUES ('https://picsum.photos/200/300?random=584', 78);
INSERT INTO photo(photo_url, post_id) VALUES ('https://picsum.photos/200/300?random=752', 79);
INSERT INTO photo(photo_url, post_id) VALUES ('https://picsum.photos/200/300?random=145', 80);
INSERT INTO photo(photo_url, post_id) VALUES ('https://picsum.photos/200/300?random=179', 81);
INSERT INTO photo(photo_url, post_id) VALUES ('https://picsum.photos/200/300?random=843', 82);
INSERT INTO photo(photo_url, post_id) VALUES ('https://picsum.photos/200/300?random=336', 83);
INSERT INTO photo(photo_url, post_id) VALUES ('https://picsum.photos/200/300?random=891', 84);
INSERT INTO photo(photo_url, post_id) VALUES ('https://picsum.photos/200/300?random=554', 85);
INSERT INTO photo(photo_url, post_id) VALUES ('https://picsum.photos/200/300?random=700', 86);
INSERT INTO photo(photo_url, post_id) VALUES ('https://picsum.photos/200/300?random=519', 87);
INSERT INTO photo(photo_url, post_id) VALUES ('https://picsum.photos/200/300?random=427', 88);
INSERT INTO photo(photo_url, post_id) VALUES ('https://picsum.photos/200/300?random=847', 89);
INSERT INTO photo(photo_url, post_id) VALUES ('https://picsum.photos/200/300?random=157', 90);
INSERT INTO photo(photo_url, post_id) VALUES ('https://picsum.photos/200/300?random=561', 91);
INSERT INTO photo(photo_url, post_id) VALUES ('https://picsum.photos/200/300?random=984', 92);
INSERT INTO photo(photo_url, post_id) VALUES ('https://picsum.photos/200/300?random=203', 93);
INSERT INTO photo(photo_url, post_id) VALUES ('https://picsum.photos/200/300?random=970', 94);
INSERT INTO photo(photo_url, post_id) VALUES ('https://picsum.photos/200/300?random=918', 95);
INSERT INTO photo(photo_url, post_id) VALUES ('https://picsum.photos/200/300?random=319', 96);
INSERT INTO photo(photo_url, post_id) VALUES ('https://picsum.photos/200/300?random=349', 97);
INSERT INTO photo(photo_url, post_id) VALUES ('https://picsum.photos/200/300?random=614', 98);
INSERT INTO photo(photo_url, post_id) VALUES ('https://picsum.photos/200/300?random=829', 99);
INSERT INTO photo(photo_url, post_id) VALUES ('https://picsum.photos/200/300?random=71', 100);
INSERT INTO photo(photo_url, post_id) VALUES ('https://picsum.photos/200/300?random=224', 101);
INSERT INTO photo(photo_url, post_id) VALUES ('https://picsum.photos/200/300?random=921', 102);
INSERT INTO photo(photo_url, post_id) VALUES ('https://picsum.photos/200/300?random=677', 103);
INSERT INTO photo(photo_url, post_id) VALUES ('https://picsum.photos/200/300?random=217', 104);
INSERT INTO photo(photo_url, post_id) VALUES ('https://picsum.photos/200/300?random=386', 105);
INSERT INTO photo(photo_url, post_id) VALUES ('https://picsum.photos/200/300?random=671', 106);
INSERT INTO photo(photo_url, post_id) VALUES ('https://picsum.photos/200/300?random=881', 107);
INSERT INTO photo(photo_url, post_id) VALUES ('https://picsum.photos/200/300?random=43', 108);
INSERT INTO photo(photo_url, post_id) VALUES ('https://picsum.photos/200/300?random=950', 109);
INSERT INTO photo(photo_url, post_id) VALUES ('https://picsum.photos/200/300?random=882', 110);
INSERT INTO photo(photo_url, post_id) VALUES ('https://picsum.photos/200/300?random=844', 111);
INSERT INTO photo(photo_url, post_id) VALUES ('https://picsum.photos/200/300?random=264', 112);
INSERT INTO photo(photo_url, post_id) VALUES ('https://picsum.photos/200/300?random=537', 113);
INSERT INTO photo(photo_url, post_id) VALUES ('https://picsum.photos/200/300?random=648', 114);
INSERT INTO photo(photo_url, post_id) VALUES ('https://picsum.photos/200/300?random=795', 115);
INSERT INTO photo(photo_url, post_id) VALUES ('https://picsum.photos/200/300?random=523', 116);
INSERT INTO photo(photo_url, post_id) VALUES ('https://picsum.photos/200/300?random=395', 117);
INSERT INTO photo(photo_url, post_id) VALUES ('https://picsum.photos/200/300?random=672', 118);
INSERT INTO photo(photo_url, post_id) VALUES ('https://picsum.photos/200/300?random=834', 119);
INSERT INTO photo(photo_url, post_id) VALUES ('https://picsum.photos/200/300?random=518', 120);
INSERT INTO photo(photo_url, post_id) VALUES ('https://picsum.photos/200/300?random=666', 121);
INSERT INTO photo(photo_url, post_id) VALUES ('https://picsum.photos/200/300?random=301', 122);
INSERT INTO photo(photo_url, post_id) VALUES ('https://picsum.photos/200/300?random=245', 123);
INSERT INTO photo(photo_url, post_id) VALUES ('https://picsum.photos/200/300?random=460', 124);
INSERT INTO photo(photo_url, post_id) VALUES ('https://picsum.photos/200/300?random=890', 125);
INSERT INTO photo(photo_url, post_id) VALUES ('https://picsum.photos/200/300?random=42', 126);
INSERT INTO photo(photo_url, post_id) VALUES ('https://picsum.photos/200/300?random=794', 127);
INSERT INTO photo(photo_url, post_id) VALUES ('https://picsum.photos/200/300?random=600', 128);
INSERT INTO photo(photo_url, post_id) VALUES ('https://picsum.photos/200/300?random=508', 129);
INSERT INTO photo(photo_url, post_id) VALUES ('https://picsum.photos/200/300?random=406', 130);
INSERT INTO photo(photo_url, post_id) VALUES ('https://picsum.photos/200/300?random=33', 131);
INSERT INTO photo(photo_url, post_id) VALUES ('https://picsum.photos/200/300?random=226', 132);
INSERT INTO photo(photo_url, post_id) VALUES ('https://picsum.photos/200/300?random=174', 133);
INSERT INTO photo(photo_url, post_id) VALUES ('https://picsum.photos/200/300?random=274', 134);
INSERT INTO photo(photo_url, post_id) VALUES ('https://picsum.photos/200/300?random=846', 135);
INSERT INTO photo(photo_url, post_id) VALUES ('https://picsum.photos/200/300?random=543', 136);
INSERT INTO photo(photo_url, post_id) VALUES ('https://picsum.photos/200/300?random=342', 137);
INSERT INTO photo(photo_url, post_id) VALUES ('https://picsum.photos/200/300?random=941', 138);
INSERT INTO photo(photo_url, post_id) VALUES ('https://picsum.photos/200/300?random=217', 139);
INSERT INTO photo(photo_url, post_id) VALUES ('https://picsum.photos/200/300?random=819', 140);
INSERT INTO photo(photo_url, post_id) VALUES ('https://picsum.photos/200/300?random=98', 141);
INSERT INTO photo(photo_url, post_id) VALUES ('https://picsum.photos/200/300?random=780', 142);
INSERT INTO photo(photo_url, post_id) VALUES ('https://picsum.photos/200/300?random=354', 143);
INSERT INTO photo(photo_url, post_id) VALUES ('https://picsum.photos/200/300?random=55', 144);
INSERT INTO photo(photo_url, post_id) VALUES ('https://picsum.photos/200/300?random=933', 145);
INSERT INTO photo(photo_url, post_id) VALUES ('https://picsum.photos/200/300?random=883', 146);
INSERT INTO photo(photo_url, post_id) VALUES ('https://picsum.photos/200/300?random=585', 147);
INSERT INTO photo(photo_url, post_id) VALUES ('https://picsum.photos/200/300?random=198', 148);
INSERT INTO photo(photo_url, post_id) VALUES ('https://picsum.photos/200/300?random=741', 149);
INSERT INTO photo(photo_url, post_id) VALUES ('https://picsum.photos/200/300?random=646', 150);
INSERT INTO photo(photo_url, post_id) VALUES ('https://picsum.photos/200/300?random=23', 151);
INSERT INTO photo(photo_url, post_id) VALUES ('https://picsum.photos/200/300?random=124', 152);
INSERT INTO photo(photo_url, post_id) VALUES ('https://picsum.photos/200/300?random=523', 153);
INSERT INTO photo(photo_url, post_id) VALUES ('https://picsum.photos/200/300?random=511', 154);
INSERT INTO photo(photo_url, post_id) VALUES ('https://picsum.photos/200/300?random=586', 155);
INSERT INTO photo(photo_url, post_id) VALUES ('https://picsum.photos/200/300?random=162', 156);
INSERT INTO photo(photo_url, post_id) VALUES ('https://picsum.photos/200/300?random=217', 157);
INSERT INTO photo(photo_url, post_id) VALUES ('https://picsum.photos/200/300?random=409', 158);
INSERT INTO photo(photo_url, post_id) VALUES ('https://picsum.photos/200/300?random=916', 159);
INSERT INTO photo(photo_url, post_id) VALUES ('https://picsum.photos/200/300?random=298', 160);
INSERT INTO photo(photo_url, post_id) VALUES ('https://picsum.photos/200/300?random=582', 161);
INSERT INTO photo(photo_url, post_id) VALUES ('https://picsum.photos/200/300?random=67', 162);
INSERT INTO photo(photo_url, post_id) VALUES ('https://picsum.photos/200/300?random=850', 163);
INSERT INTO photo(photo_url, post_id) VALUES ('https://picsum.photos/200/300?random=262', 164);
INSERT INTO photo(photo_url, post_id) VALUES ('https://picsum.photos/200/300?random=846', 165);
INSERT INTO photo(photo_url, post_id) VALUES ('https://picsum.photos/200/300?random=853', 166);
INSERT INTO photo(photo_url, post_id) VALUES ('https://picsum.photos/200/300?random=572', 167);
INSERT INTO photo(photo_url, post_id) VALUES ('https://picsum.photos/200/300?random=814', 168);
INSERT INTO photo(photo_url, post_id) VALUES ('https://picsum.photos/200/300?random=602', 169);
INSERT INTO photo(photo_url, post_id) VALUES ('https://picsum.photos/200/300?random=866', 170);
INSERT INTO photo(photo_url, post_id) VALUES ('https://picsum.photos/200/300?random=871', 171);
INSERT INTO photo(photo_url, post_id) VALUES ('https://picsum.photos/200/300?random=259', 172);
INSERT INTO photo(photo_url, post_id) VALUES ('https://picsum.photos/200/300?random=426', 173);
INSERT INTO photo(photo_url, post_id) VALUES ('https://picsum.photos/200/300?random=701', 174);
INSERT INTO photo(photo_url, post_id) VALUES ('https://picsum.photos/200/300?random=682', 175);
INSERT INTO photo(photo_url, post_id) VALUES ('https://picsum.photos/200/300?random=551', 176);
INSERT INTO photo(photo_url, post_id) VALUES ('https://picsum.photos/200/300?random=578', 177);
INSERT INTO photo(photo_url, post_id) VALUES ('https://picsum.photos/200/300?random=966', 178);
INSERT INTO photo(photo_url, post_id) VALUES ('https://picsum.photos/200/300?random=24', 179);
INSERT INTO photo(photo_url, post_id) VALUES ('https://picsum.photos/200/300?random=130', 180);
INSERT INTO photo(photo_url, post_id) VALUES ('https://picsum.photos/200/300?random=97', 181);
INSERT INTO photo(photo_url, post_id) VALUES ('https://picsum.photos/200/300?random=115', 182);
INSERT INTO photo(photo_url, post_id) VALUES ('https://picsum.photos/200/300?random=430', 183);
INSERT INTO photo(photo_url, post_id) VALUES ('https://picsum.photos/200/300?random=193', 184);
INSERT INTO photo(photo_url, post_id) VALUES ('https://picsum.photos/200/300?random=317', 185);
INSERT INTO photo(photo_url, post_id) VALUES ('https://picsum.photos/200/300?random=136', 186);
INSERT INTO photo(photo_url, post_id) VALUES ('https://picsum.photos/200/300?random=977', 187);
INSERT INTO photo(photo_url, post_id) VALUES ('https://picsum.photos/200/300?random=71', 188);
INSERT INTO photo(photo_url, post_id) VALUES ('https://picsum.photos/200/300?random=920', 189);
INSERT INTO photo(photo_url, post_id) VALUES ('https://picsum.photos/200/300?random=71', 190);
INSERT INTO photo(photo_url, post_id) VALUES ('https://picsum.photos/200/300?random=439', 191);
INSERT INTO photo(photo_url, post_id) VALUES ('https://picsum.photos/200/300?random=934', 192);
INSERT INTO photo(photo_url, post_id) VALUES ('https://picsum.photos/200/300?random=942', 193);
INSERT INTO photo(photo_url, post_id) VALUES ('https://picsum.photos/200/300?random=975', 194);
INSERT INTO photo(photo_url, post_id) VALUES ('https://picsum.photos/200/300?random=386', 195);
INSERT INTO photo(photo_url, post_id) VALUES ('https://picsum.photos/200/300?random=750', 196);
INSERT INTO photo(photo_url, post_id) VALUES ('https://picsum.photos/200/300?random=681', 197);
INSERT INTO photo(photo_url, post_id) VALUES ('https://picsum.photos/200/300?random=16', 198);
INSERT INTO photo(photo_url, post_id) VALUES ('https://picsum.photos/200/300?random=475', 199);
INSERT INTO photo(photo_url, post_id) VALUES ('https://picsum.photos/200/300?random=208', 200);
INSERT INTO photo(photo_url, post_id) VALUES ('https://picsum.photos/200/300?random=45', 201);
INSERT INTO photo(photo_url, post_id) VALUES ('https://picsum.photos/200/300?random=521', 202);
INSERT INTO photo(photo_url, post_id) VALUES ('https://picsum.photos/200/300?random=440', 203);
INSERT INTO photo(photo_url, post_id) VALUES ('https://picsum.photos/200/300?random=489', 204);
INSERT INTO photo(photo_url, post_id) VALUES ('https://picsum.photos/200/300?random=400', 205);
INSERT INTO photo(photo_url, post_id) VALUES ('https://picsum.photos/200/300?random=591', 206);
INSERT INTO photo(photo_url, post_id) VALUES ('https://picsum.photos/200/300?random=44', 207);
INSERT INTO photo(photo_url, post_id) VALUES ('https://picsum.photos/200/300?random=791', 208);
INSERT INTO photo(photo_url, post_id) VALUES ('https://picsum.photos/200/300?random=232', 209);
INSERT INTO photo(photo_url, post_id) VALUES ('https://picsum.photos/200/300?random=228', 210);
INSERT INTO photo(photo_url, post_id) VALUES ('https://picsum.photos/200/300?random=297', 211);
INSERT INTO photo(photo_url, post_id) VALUES ('https://picsum.photos/200/300?random=682', 212);
INSERT INTO photo(photo_url, post_id) VALUES ('https://picsum.photos/200/300?random=638', 213);
INSERT INTO photo(photo_url, post_id) VALUES ('https://picsum.photos/200/300?random=568', 214);
INSERT INTO photo(photo_url, post_id) VALUES ('https://picsum.photos/200/300?random=378', 215);
INSERT INTO photo(photo_url, post_id) VALUES ('https://picsum.photos/200/300?random=374', 216);
INSERT INTO photo(photo_url, post_id) VALUES ('https://picsum.photos/200/300?random=880', 217);
INSERT INTO photo(photo_url, post_id) VALUES ('https://picsum.photos/200/300?random=530', 218);
INSERT INTO photo(photo_url, post_id) VALUES ('https://picsum.photos/200/300?random=537', 219);
INSERT INTO photo(photo_url, post_id) VALUES ('https://picsum.photos/200/300?random=413', 220);
INSERT INTO photo(photo_url, post_id) VALUES ('https://picsum.photos/200/300?random=943', 221);
INSERT INTO photo(photo_url, post_id) VALUES ('https://picsum.photos/200/300?random=861', 222);
INSERT INTO photo(photo_url, post_id) VALUES ('https://picsum.photos/200/300?random=573', 223);
INSERT INTO photo(photo_url, post_id) VALUES ('https://picsum.photos/200/300?random=700', 224);
INSERT INTO photo(photo_url, post_id) VALUES ('https://picsum.photos/200/300?random=148', 225);
INSERT INTO photo(photo_url, post_id) VALUES ('https://picsum.photos/200/300?random=226', 226);
INSERT INTO photo(photo_url, post_id) VALUES ('https://picsum.photos/200/300?random=587', 227);
INSERT INTO photo(photo_url, post_id) VALUES ('https://picsum.photos/200/300?random=43', 228);
INSERT INTO photo(photo_url, post_id) VALUES ('https://picsum.photos/200/300?random=558', 229);
INSERT INTO photo(photo_url, post_id) VALUES ('https://picsum.photos/200/300?random=261', 230);
INSERT INTO photo(photo_url, post_id) VALUES ('https://picsum.photos/200/300?random=444', 231);
INSERT INTO photo(photo_url, post_id) VALUES ('https://picsum.photos/200/300?random=274', 232);
INSERT INTO photo(photo_url, post_id) VALUES ('https://picsum.photos/200/300?random=615', 233);
INSERT INTO photo(photo_url, post_id) VALUES ('https://picsum.photos/200/300?random=44', 234);
INSERT INTO photo(photo_url, post_id) VALUES ('https://picsum.photos/200/300?random=74', 235);
INSERT INTO photo(photo_url, post_id) VALUES ('https://picsum.photos/200/300?random=928', 236);
INSERT INTO photo(photo_url, post_id) VALUES ('https://picsum.photos/200/300?random=902', 237);
INSERT INTO photo(photo_url, post_id) VALUES ('https://picsum.photos/200/300?random=687', 238);
INSERT INTO photo(photo_url, post_id) VALUES ('https://picsum.photos/200/300?random=179', 239);
INSERT INTO photo(photo_url, post_id) VALUES ('https://picsum.photos/200/300?random=277', 240);
INSERT INTO photo(photo_url, post_id) VALUES ('https://picsum.photos/200/300?random=1', 241);
INSERT INTO photo(photo_url, post_id) VALUES ('https://picsum.photos/200/300?random=107', 242);
INSERT INTO photo(photo_url, post_id) VALUES ('https://picsum.photos/200/300?random=52', 243);
INSERT INTO photo(photo_url, post_id) VALUES ('https://picsum.photos/200/300?random=628', 244);
INSERT INTO photo(photo_url, post_id) VALUES ('https://picsum.photos/200/300?random=840', 245);
INSERT INTO photo(photo_url, post_id) VALUES ('https://picsum.photos/200/300?random=677', 246);
INSERT INTO photo(photo_url, post_id) VALUES ('https://picsum.photos/200/300?random=569', 247);
INSERT INTO photo(photo_url, post_id) VALUES ('https://picsum.photos/200/300?random=272', 248);
INSERT INTO photo(photo_url, post_id) VALUES ('https://picsum.photos/200/300?random=520', 249);
INSERT INTO photo(photo_url, post_id) VALUES ('https://picsum.photos/200/300?random=908', 250);
INSERT INTO photo(photo_url, post_id) VALUES ('https://picsum.photos/200/300?random=167', 251);
INSERT INTO photo(photo_url, post_id) VALUES ('https://picsum.photos/200/300?random=105', 252);
INSERT INTO photo(photo_url, post_id) VALUES ('https://picsum.photos/200/300?random=102', 253);
INSERT INTO photo(photo_url, post_id) VALUES ('https://picsum.photos/200/300?random=207', 254);
INSERT INTO photo(photo_url, post_id) VALUES ('https://picsum.photos/200/300?random=494', 255);
INSERT INTO photo(photo_url, post_id) VALUES ('https://picsum.photos/200/300?random=643', 256);
INSERT INTO photo(photo_url, post_id) VALUES ('https://picsum.photos/200/300?random=981', 257);
INSERT INTO photo(photo_url, post_id) VALUES ('https://picsum.photos/200/300?random=198', 258);
INSERT INTO photo(photo_url, post_id) VALUES ('https://picsum.photos/200/300?random=588', 259);
INSERT INTO photo(photo_url, post_id) VALUES ('https://picsum.photos/200/300?random=264', 260);
INSERT INTO photo(photo_url, post_id) VALUES ('https://picsum.photos/200/300?random=913', 261);
INSERT INTO photo(photo_url, post_id) VALUES ('https://picsum.photos/200/300?random=45', 262);
INSERT INTO photo(photo_url, post_id) VALUES ('https://picsum.photos/200/300?random=939', 263);
INSERT INTO photo(photo_url, post_id) VALUES ('https://picsum.photos/200/300?random=635', 264);
INSERT INTO photo(photo_url, post_id) VALUES ('https://picsum.photos/200/300?random=461', 265);
INSERT INTO photo(photo_url, post_id) VALUES ('https://picsum.photos/200/300?random=532', 266);
INSERT INTO photo(photo_url, post_id) VALUES ('https://picsum.photos/200/300?random=687', 267);
INSERT INTO photo(photo_url, post_id) VALUES ('https://picsum.photos/200/300?random=286', 268);
INSERT INTO photo(photo_url, post_id) VALUES ('https://picsum.photos/200/300?random=653', 269);
INSERT INTO photo(photo_url, post_id) VALUES ('https://picsum.photos/200/300?random=288', 270);
INSERT INTO photo(photo_url, post_id) VALUES ('https://picsum.photos/200/300?random=981', 271);
INSERT INTO photo(photo_url, post_id) VALUES ('https://picsum.photos/200/300?random=755', 272);
INSERT INTO photo(photo_url, post_id) VALUES ('https://picsum.photos/200/300?random=167', 273);
INSERT INTO photo(photo_url, post_id) VALUES ('https://picsum.photos/200/300?random=860', 274);
INSERT INTO photo(photo_url, post_id) VALUES ('https://picsum.photos/200/300?random=894', 275);
INSERT INTO photo(photo_url, post_id) VALUES ('https://picsum.photos/200/300?random=556', 276);
INSERT INTO photo(photo_url, post_id) VALUES ('https://picsum.photos/200/300?random=299', 277);
INSERT INTO photo(photo_url, post_id) VALUES ('https://picsum.photos/200/300?random=142', 278);
INSERT INTO photo(photo_url, post_id) VALUES ('https://picsum.photos/200/300?random=747', 279);
INSERT INTO photo(photo_url, post_id) VALUES ('https://picsum.photos/200/300?random=268', 280);
INSERT INTO photo(photo_url, post_id) VALUES ('https://picsum.photos/200/300?random=19', 281);
INSERT INTO photo(photo_url, post_id) VALUES ('https://picsum.photos/200/300?random=686', 282);
INSERT INTO photo(photo_url, post_id) VALUES ('https://picsum.photos/200/300?random=510', 283);
INSERT INTO photo(photo_url, post_id) VALUES ('https://picsum.photos/200/300?random=566', 284);
INSERT INTO photo(photo_url, post_id) VALUES ('https://picsum.photos/200/300?random=93', 285);
INSERT INTO photo(photo_url, post_id) VALUES ('https://picsum.photos/200/300?random=540', 286);
INSERT INTO photo(photo_url, post_id) VALUES ('https://picsum.photos/200/300?random=285', 287);
INSERT INTO photo(photo_url, post_id) VALUES ('https://picsum.photos/200/300?random=613', 288);
INSERT INTO photo(photo_url, post_id) VALUES ('https://picsum.photos/200/300?random=495', 289);
INSERT INTO photo(photo_url, post_id) VALUES ('https://picsum.photos/200/300?random=427', 290);
INSERT INTO photo(photo_url, post_id) VALUES ('https://picsum.photos/200/300?random=731', 291);
INSERT INTO photo(photo_url, post_id) VALUES ('https://picsum.photos/200/300?random=255', 292);
INSERT INTO photo(photo_url, post_id) VALUES ('https://picsum.photos/200/300?random=140', 293);
INSERT INTO photo(photo_url, post_id) VALUES ('https://picsum.photos/200/300?random=62', 294);
INSERT INTO photo(photo_url, post_id) VALUES ('https://picsum.photos/200/300?random=748', 295);
INSERT INTO photo(photo_url, post_id) VALUES ('https://picsum.photos/200/300?random=48', 296);
INSERT INTO photo(photo_url, post_id) VALUES ('https://picsum.photos/200/300?random=658', 297);
INSERT INTO photo(photo_url, post_id) VALUES ('https://picsum.photos/200/300?random=62', 298);
INSERT INTO photo(photo_url, post_id) VALUES ('https://picsum.photos/200/300?random=504', 299);
INSERT INTO photo(photo_url, post_id) VALUES ('https://picsum.photos/200/300?random=916', 300);
INSERT INTO photo(photo_url, post_id) VALUES ('https://picsum.photos/200/300?random=75', 301);
INSERT INTO photo(photo_url, post_id) VALUES ('https://picsum.photos/200/300?random=802', 302);
INSERT INTO photo(photo_url, post_id) VALUES ('https://picsum.photos/200/300?random=12', 303);
INSERT INTO photo(photo_url, post_id) VALUES ('https://picsum.photos/200/300?random=906', 304);
INSERT INTO photo(photo_url, post_id) VALUES ('https://picsum.photos/200/300?random=320', 305);
INSERT INTO photo(photo_url, post_id) VALUES ('https://picsum.photos/200/300?random=432', 306);
INSERT INTO photo(photo_url, post_id) VALUES ('https://picsum.photos/200/300?random=317', 307);
INSERT INTO photo(photo_url, post_id) VALUES ('https://picsum.photos/200/300?random=105', 308);
INSERT INTO photo(photo_url, post_id) VALUES ('https://picsum.photos/200/300?random=746', 309);
INSERT INTO photo(photo_url, post_id) VALUES ('https://picsum.photos/200/300?random=706', 310);
INSERT INTO photo(photo_url, post_id) VALUES ('https://picsum.photos/200/300?random=252', 311);
INSERT INTO photo(photo_url, post_id) VALUES ('https://picsum.photos/200/300?random=500', 312);
INSERT INTO photo(photo_url, post_id) VALUES ('https://picsum.photos/200/300?random=421', 313);
INSERT INTO photo(photo_url, post_id) VALUES ('https://picsum.photos/200/300?random=911', 314);
INSERT INTO photo(photo_url, post_id) VALUES ('https://picsum.photos/200/300?random=663', 315);
INSERT INTO photo(photo_url, post_id) VALUES ('https://picsum.photos/200/300?random=190', 316);
INSERT INTO photo(photo_url, post_id) VALUES ('https://picsum.photos/200/300?random=927', 317);
INSERT INTO photo(photo_url, post_id) VALUES ('https://picsum.photos/200/300?random=644', 318);
INSERT INTO photo(photo_url, post_id) VALUES ('https://picsum.photos/200/300?random=417', 319);
INSERT INTO photo(photo_url, post_id) VALUES ('https://picsum.photos/200/300?random=308', 320);
INSERT INTO photo(photo_url, post_id) VALUES ('https://picsum.photos/200/300?random=610', 321);
INSERT INTO photo(photo_url, post_id) VALUES ('https://picsum.photos/200/300?random=647', 322);
INSERT INTO photo(photo_url, post_id) VALUES ('https://picsum.photos/200/300?random=587', 323);
INSERT INTO photo(photo_url, post_id) VALUES ('https://picsum.photos/200/300?random=891', 324);
INSERT INTO photo(photo_url, post_id) VALUES ('https://picsum.photos/200/300?random=870', 325);
INSERT INTO photo(photo_url, post_id) VALUES ('https://picsum.photos/200/300?random=860', 326);
INSERT INTO photo(photo_url, post_id) VALUES ('https://picsum.photos/200/300?random=346', 327);
INSERT INTO photo(photo_url, post_id) VALUES ('https://picsum.photos/200/300?random=220', 328);
INSERT INTO photo(photo_url, post_id) VALUES ('https://picsum.photos/200/300?random=253', 329);
INSERT INTO photo(photo_url, post_id) VALUES ('https://picsum.photos/200/300?random=20', 330);
INSERT INTO photo(photo_url, post_id) VALUES ('https://picsum.photos/200/300?random=99', 331);
INSERT INTO photo(photo_url, post_id) VALUES ('https://picsum.photos/200/300?random=962', 332);
INSERT INTO photo(photo_url, post_id) VALUES ('https://picsum.photos/200/300?random=252', 333);
INSERT INTO photo(photo_url, post_id) VALUES ('https://picsum.photos/200/300?random=797', 334);
INSERT INTO photo(photo_url, post_id) VALUES ('https://picsum.photos/200/300?random=557', 335);
INSERT INTO photo(photo_url, post_id) VALUES ('https://picsum.photos/200/300?random=896', 336);
INSERT INTO photo(photo_url, post_id) VALUES ('https://picsum.photos/200/300?random=969', 337);
INSERT INTO photo(photo_url, post_id) VALUES ('https://picsum.photos/200/300?random=493', 338);
INSERT INTO photo(photo_url, post_id) VALUES ('https://picsum.photos/200/300?random=547', 339);
INSERT INTO photo(photo_url, post_id) VALUES ('https://picsum.photos/200/300?random=770', 340);
INSERT INTO photo(photo_url, post_id) VALUES ('https://picsum.photos/200/300?random=258', 341);
INSERT INTO photo(photo_url, post_id) VALUES ('https://picsum.photos/200/300?random=305', 342);
INSERT INTO photo(photo_url, post_id) VALUES ('https://picsum.photos/200/300?random=58', 343);
INSERT INTO photo(photo_url, post_id) VALUES ('https://picsum.photos/200/300?random=510', 344);
INSERT INTO photo(photo_url, post_id) VALUES ('https://picsum.photos/200/300?random=239', 345);
INSERT INTO photo(photo_url, post_id) VALUES ('https://picsum.photos/200/300?random=722', 346);
INSERT INTO photo(photo_url, post_id) VALUES ('https://picsum.photos/200/300?random=372', 347);
INSERT INTO photo(photo_url, post_id) VALUES ('https://picsum.photos/200/300?random=584', 348);
INSERT INTO photo(photo_url, post_id) VALUES ('https://picsum.photos/200/300?random=943', 349);
INSERT INTO photo(photo_url, post_id) VALUES ('https://picsum.photos/200/300?random=115', 350);
INSERT INTO photo(photo_url, post_id) VALUES ('https://picsum.photos/200/300?random=770', 351);
INSERT INTO photo(photo_url, post_id) VALUES ('https://picsum.photos/200/300?random=276', 352);
INSERT INTO photo(photo_url, post_id) VALUES ('https://picsum.photos/200/300?random=86', 353);
INSERT INTO photo(photo_url, post_id) VALUES ('https://picsum.photos/200/300?random=712', 354);
INSERT INTO photo(photo_url, post_id) VALUES ('https://picsum.photos/200/300?random=103', 355);
INSERT INTO photo(photo_url, post_id) VALUES ('https://picsum.photos/200/300?random=334', 356);
INSERT INTO photo(photo_url, post_id) VALUES ('https://picsum.photos/200/300?random=704', 357);
INSERT INTO photo(photo_url, post_id) VALUES ('https://picsum.photos/200/300?random=49', 358);
INSERT INTO photo(photo_url, post_id) VALUES ('https://picsum.photos/200/300?random=472', 359);
INSERT INTO photo(photo_url, post_id) VALUES ('https://picsum.photos/200/300?random=838', 360);
INSERT INTO photo(photo_url, post_id) VALUES ('https://picsum.photos/200/300?random=160', 361);
INSERT INTO photo(photo_url, post_id) VALUES ('https://picsum.photos/200/300?random=959', 362);
INSERT INTO photo(photo_url, post_id) VALUES ('https://picsum.photos/200/300?random=832', 363);
INSERT INTO photo(photo_url, post_id) VALUES ('https://picsum.photos/200/300?random=921', 364);
INSERT INTO photo(photo_url, post_id) VALUES ('https://picsum.photos/200/300?random=357', 365);
INSERT INTO photo(photo_url, post_id) VALUES ('https://picsum.photos/200/300?random=828', 366);
INSERT INTO photo(photo_url, post_id) VALUES ('https://picsum.photos/200/300?random=116', 367);
INSERT INTO photo(photo_url, post_id) VALUES ('https://picsum.photos/200/300?random=291', 368);
INSERT INTO photo(photo_url, post_id) VALUES ('https://picsum.photos/200/300?random=296', 369);
INSERT INTO photo(photo_url, post_id) VALUES ('https://picsum.photos/200/300?random=705', 370);
INSERT INTO photo(photo_url, post_id) VALUES ('https://picsum.photos/200/300?random=368', 371);
INSERT INTO photo(photo_url, post_id) VALUES ('https://picsum.photos/200/300?random=960', 372);
INSERT INTO photo(photo_url, post_id) VALUES ('https://picsum.photos/200/300?random=614', 373);
INSERT INTO photo(photo_url, post_id) VALUES ('https://picsum.photos/200/300?random=119', 374);
INSERT INTO photo(photo_url, post_id) VALUES ('https://picsum.photos/200/300?random=265', 375);
INSERT INTO photo(photo_url, post_id) VALUES ('https://picsum.photos/200/300?random=182', 376);
INSERT INTO photo(photo_url, post_id) VALUES ('https://picsum.photos/200/300?random=396', 377);
INSERT INTO photo(photo_url, post_id) VALUES ('https://picsum.photos/200/300?random=277', 378);
INSERT INTO photo(photo_url, post_id) VALUES ('https://picsum.photos/200/300?random=61', 379);
INSERT INTO photo(photo_url, post_id) VALUES ('https://picsum.photos/200/300?random=4', 380);
INSERT INTO photo(photo_url, post_id) VALUES ('https://picsum.photos/200/300?random=605', 381);
INSERT INTO photo(photo_url, post_id) VALUES ('https://picsum.photos/200/300?random=941', 382);
INSERT INTO photo(photo_url, post_id) VALUES ('https://picsum.photos/200/300?random=455', 383);
INSERT INTO photo(photo_url, post_id) VALUES ('https://picsum.photos/200/300?random=96', 384);
INSERT INTO photo(photo_url, post_id) VALUES ('https://picsum.photos/200/300?random=220', 385);
INSERT INTO photo(photo_url, post_id) VALUES ('https://picsum.photos/200/300?random=473', 386);
INSERT INTO photo(photo_url, post_id) VALUES ('https://picsum.photos/200/300?random=7', 387);
INSERT INTO photo(photo_url, post_id) VALUES ('https://picsum.photos/200/300?random=739', 388);
INSERT INTO photo(photo_url, post_id) VALUES ('https://picsum.photos/200/300?random=477', 389);
INSERT INTO photo(photo_url, post_id) VALUES ('https://picsum.photos/200/300?random=918', 390);
INSERT INTO photo(photo_url, post_id) VALUES ('https://picsum.photos/200/300?random=879', 391);
INSERT INTO photo(photo_url, post_id) VALUES ('https://picsum.photos/200/300?random=568', 392);
INSERT INTO photo(photo_url, post_id) VALUES ('https://picsum.photos/200/300?random=377', 393);
INSERT INTO photo(photo_url, post_id) VALUES ('https://picsum.photos/200/300?random=731', 394);
INSERT INTO photo(photo_url, post_id) VALUES ('https://picsum.photos/200/300?random=231', 395);
INSERT INTO photo(photo_url, post_id) VALUES ('https://picsum.photos/200/300?random=262', 396);
INSERT INTO photo(photo_url, post_id) VALUES ('https://picsum.photos/200/300?random=354', 397);
INSERT INTO photo(photo_url, post_id) VALUES ('https://picsum.photos/200/300?random=778', 398);
INSERT INTO photo(photo_url, post_id) VALUES ('https://picsum.photos/200/300?random=70', 399);
INSERT INTO photo(photo_url, post_id) VALUES ('https://picsum.photos/200/300?random=797', 400);
INSERT INTO photo(photo_url, post_id) VALUES ('https://picsum.photos/200/300?random=688', 401);
INSERT INTO photo(photo_url, post_id) VALUES ('https://picsum.photos/200/300?random=229', 402);
INSERT INTO photo(photo_url, post_id) VALUES ('https://picsum.photos/200/300?random=154', 403);
INSERT INTO photo(photo_url, post_id) VALUES ('https://picsum.photos/200/300?random=443', 404);
INSERT INTO photo(photo_url, post_id) VALUES ('https://picsum.photos/200/300?random=877', 405);
INSERT INTO photo(photo_url, post_id) VALUES ('https://picsum.photos/200/300?random=310', 406);
INSERT INTO photo(photo_url, post_id) VALUES ('https://picsum.photos/200/300?random=337', 407);
INSERT INTO photo(photo_url, post_id) VALUES ('https://picsum.photos/200/300?random=156', 408);
INSERT INTO photo(photo_url, post_id) VALUES ('https://picsum.photos/200/300?random=954', 409);
INSERT INTO photo(photo_url, post_id) VALUES ('https://picsum.photos/200/300?random=990', 410);
INSERT INTO photo(photo_url, post_id) VALUES ('https://picsum.photos/200/300?random=493', 411);
INSERT INTO photo(photo_url, post_id) VALUES ('https://picsum.photos/200/300?random=37', 412);
INSERT INTO photo(photo_url, post_id) VALUES ('https://picsum.photos/200/300?random=769', 413);
INSERT INTO photo(photo_url, post_id) VALUES ('https://picsum.photos/200/300?random=387', 414);
INSERT INTO photo(photo_url, post_id) VALUES ('https://picsum.photos/200/300?random=113', 415);
INSERT INTO photo(photo_url, post_id) VALUES ('https://picsum.photos/200/300?random=948', 416);
INSERT INTO photo(photo_url, post_id) VALUES ('https://picsum.photos/200/300?random=180', 417);
INSERT INTO photo(photo_url, post_id) VALUES ('https://picsum.photos/200/300?random=404', 418);
INSERT INTO photo(photo_url, post_id) VALUES ('https://picsum.photos/200/300?random=528', 419);
INSERT INTO photo(photo_url, post_id) VALUES ('https://picsum.photos/200/300?random=132', 420);
INSERT INTO photo(photo_url, post_id) VALUES ('https://picsum.photos/200/300?random=184', 421);
INSERT INTO photo(photo_url, post_id) VALUES ('https://picsum.photos/200/300?random=428', 422);
INSERT INTO photo(photo_url, post_id) VALUES ('https://picsum.photos/200/300?random=152', 423);
INSERT INTO photo(photo_url, post_id) VALUES ('https://picsum.photos/200/300?random=446', 424);
INSERT INTO photo(photo_url, post_id) VALUES ('https://picsum.photos/200/300?random=679', 425);
INSERT INTO photo(photo_url, post_id) VALUES ('https://picsum.photos/200/300?random=72', 426);
INSERT INTO photo(photo_url, post_id) VALUES ('https://picsum.photos/200/300?random=464', 427);
INSERT INTO photo(photo_url, post_id) VALUES ('https://picsum.photos/200/300?random=376', 428);
INSERT INTO photo(photo_url, post_id) VALUES ('https://picsum.photos/200/300?random=976', 429);
INSERT INTO photo(photo_url, post_id) VALUES ('https://picsum.photos/200/300?random=449', 430);
INSERT INTO photo(photo_url, post_id) VALUES ('https://picsum.photos/200/300?random=678', 431);
INSERT INTO photo(photo_url, post_id) VALUES ('https://picsum.photos/200/300?random=567', 432);
INSERT INTO photo(photo_url, post_id) VALUES ('https://picsum.photos/200/300?random=186', 433);
INSERT INTO photo(photo_url, post_id) VALUES ('https://picsum.photos/200/300?random=326', 434);
INSERT INTO photo(photo_url, post_id) VALUES ('https://picsum.photos/200/300?random=208', 435);
INSERT INTO photo(photo_url, post_id) VALUES ('https://picsum.photos/200/300?random=869', 436);
INSERT INTO photo(photo_url, post_id) VALUES ('https://picsum.photos/200/300?random=852', 437);
INSERT INTO photo(photo_url, post_id) VALUES ('https://picsum.photos/200/300?random=992', 438);
INSERT INTO photo(photo_url, post_id) VALUES ('https://picsum.photos/200/300?random=143', 439);
INSERT INTO photo(photo_url, post_id) VALUES ('https://picsum.photos/200/300?random=628', 440);
INSERT INTO photo(photo_url, post_id) VALUES ('https://picsum.photos/200/300?random=840', 441);
INSERT INTO photo(photo_url, post_id) VALUES ('https://picsum.photos/200/300?random=443', 442);
INSERT INTO photo(photo_url, post_id) VALUES ('https://picsum.photos/200/300?random=66', 443);
INSERT INTO photo(photo_url, post_id) VALUES ('https://picsum.photos/200/300?random=943', 444);
INSERT INTO photo(photo_url, post_id) VALUES ('https://picsum.photos/200/300?random=438', 445);
INSERT INTO photo(photo_url, post_id) VALUES ('https://picsum.photos/200/300?random=308', 446);
INSERT INTO photo(photo_url, post_id) VALUES ('https://picsum.photos/200/300?random=873', 447);
INSERT INTO photo(photo_url, post_id) VALUES ('https://picsum.photos/200/300?random=988', 448);
INSERT INTO photo(photo_url, post_id) VALUES ('https://picsum.photos/200/300?random=976', 449);
INSERT INTO photo(photo_url, post_id) VALUES ('https://picsum.photos/200/300?random=153', 450);
INSERT INTO photo(photo_url, post_id) VALUES ('https://picsum.photos/200/300?random=877', 451);
INSERT INTO photo(photo_url, post_id) VALUES ('https://picsum.photos/200/300?random=153', 452);
INSERT INTO photo(photo_url, post_id) VALUES ('https://picsum.photos/200/300?random=807', 453);
INSERT INTO photo(photo_url, post_id) VALUES ('https://picsum.photos/200/300?random=201', 454);
INSERT INTO photo(photo_url, post_id) VALUES ('https://picsum.photos/200/300?random=16', 455);
INSERT INTO photo(photo_url, post_id) VALUES ('https://picsum.photos/200/300?random=459', 456);
INSERT INTO photo(photo_url, post_id) VALUES ('https://picsum.photos/200/300?random=688', 457);
INSERT INTO photo(photo_url, post_id) VALUES ('https://picsum.photos/200/300?random=962', 458);
INSERT INTO photo(photo_url, post_id) VALUES ('https://picsum.photos/200/300?random=624', 459);
INSERT INTO photo(photo_url, post_id) VALUES ('https://picsum.photos/200/300?random=210', 460);
INSERT INTO photo(photo_url, post_id) VALUES ('https://picsum.photos/200/300?random=702', 461);
INSERT INTO photo(photo_url, post_id) VALUES ('https://picsum.photos/200/300?random=3', 462);
INSERT INTO photo(photo_url, post_id) VALUES ('https://picsum.photos/200/300?random=136', 463);
INSERT INTO photo(photo_url, post_id) VALUES ('https://picsum.photos/200/300?random=504', 464);
INSERT INTO photo(photo_url, post_id) VALUES ('https://picsum.photos/200/300?random=513', 465);
INSERT INTO photo(photo_url, post_id) VALUES ('https://picsum.photos/200/300?random=400', 466);
INSERT INTO photo(photo_url, post_id) VALUES ('https://picsum.photos/200/300?random=893', 467);
INSERT INTO photo(photo_url, post_id) VALUES ('https://picsum.photos/200/300?random=63', 468);
INSERT INTO photo(photo_url, post_id) VALUES ('https://picsum.photos/200/300?random=710', 469);
INSERT INTO photo(photo_url, post_id) VALUES ('https://picsum.photos/200/300?random=77', 470);
INSERT INTO photo(photo_url, post_id) VALUES ('https://picsum.photos/200/300?random=451', 471);
INSERT INTO photo(photo_url, post_id) VALUES ('https://picsum.photos/200/300?random=717', 472);
INSERT INTO photo(photo_url, post_id) VALUES ('https://picsum.photos/200/300?random=612', 473);
INSERT INTO photo(photo_url, post_id) VALUES ('https://picsum.photos/200/300?random=185', 474);
INSERT INTO photo(photo_url, post_id) VALUES ('https://picsum.photos/200/300?random=173', 475);
INSERT INTO photo(photo_url, post_id) VALUES ('https://picsum.photos/200/300?random=202', 476);
INSERT INTO photo(photo_url, post_id) VALUES ('https://picsum.photos/200/300?random=339', 477);
INSERT INTO photo(photo_url, post_id) VALUES ('https://picsum.photos/200/300?random=125', 478);
INSERT INTO photo(photo_url, post_id) VALUES ('https://picsum.photos/200/300?random=87', 479);
INSERT INTO photo(photo_url, post_id) VALUES ('https://picsum.photos/200/300?random=579', 480);
INSERT INTO photo(photo_url, post_id) VALUES ('https://picsum.photos/200/300?random=173', 481);
INSERT INTO photo(photo_url, post_id) VALUES ('https://picsum.photos/200/300?random=506', 482);
INSERT INTO photo(photo_url, post_id) VALUES ('https://picsum.photos/200/300?random=298', 483);
INSERT INTO photo(photo_url, post_id) VALUES ('https://picsum.photos/200/300?random=931', 484);
INSERT INTO photo(photo_url, post_id) VALUES ('https://picsum.photos/200/300?random=85', 485);
INSERT INTO photo(photo_url, post_id) VALUES ('https://picsum.photos/200/300?random=547', 486);
INSERT INTO photo(photo_url, post_id) VALUES ('https://picsum.photos/200/300?random=319', 487);
INSERT INTO photo(photo_url, post_id) VALUES ('https://picsum.photos/200/300?random=646', 488);
INSERT INTO photo(photo_url, post_id) VALUES ('https://picsum.photos/200/300?random=618', 489);
INSERT INTO photo(photo_url, post_id) VALUES ('https://picsum.photos/200/300?random=572', 490);
INSERT INTO photo(photo_url, post_id) VALUES ('https://picsum.photos/200/300?random=546', 491);
INSERT INTO photo(photo_url, post_id) VALUES ('https://picsum.photos/200/300?random=661', 492);
INSERT INTO photo(photo_url, post_id) VALUES ('https://picsum.photos/200/300?random=68', 493);
INSERT INTO photo(photo_url, post_id) VALUES ('https://picsum.photos/200/300?random=936', 494);
INSERT INTO photo(photo_url, post_id) VALUES ('https://picsum.photos/200/300?random=103', 495);
INSERT INTO photo(photo_url, post_id) VALUES ('https://picsum.photos/200/300?random=12', 496);
INSERT INTO photo(photo_url, post_id) VALUES ('https://picsum.photos/200/300?random=557', 497);
INSERT INTO photo(photo_url, post_id) VALUES ('https://picsum.photos/200/300?random=989', 498);
INSERT INTO photo(photo_url, post_id) VALUES ('https://picsum.photos/200/300?random=948', 499);
INSERT INTO photo(photo_url, post_id) VALUES ('https://picsum.photos/200/300?random=925', 500);
INSERT INTO photo(photo_url, post_id) VALUES ('https://picsum.photos/200/300?random=41', 501);
INSERT INTO photo(photo_url, post_id) VALUES ('https://picsum.photos/200/300?random=588', 502);
INSERT INTO photo(photo_url, post_id) VALUES ('https://picsum.photos/200/300?random=7', 503);
INSERT INTO photo(photo_url, post_id) VALUES ('https://picsum.photos/200/300?random=907', 504);
INSERT INTO photo(photo_url, post_id) VALUES ('https://picsum.photos/200/300?random=384', 505);
INSERT INTO photo(photo_url, post_id) VALUES ('https://picsum.photos/200/300?random=111', 506);
INSERT INTO photo(photo_url, post_id) VALUES ('https://picsum.photos/200/300?random=418', 507);
INSERT INTO photo(photo_url, post_id) VALUES ('https://picsum.photos/200/300?random=549', 508);
INSERT INTO photo(photo_url, post_id) VALUES ('https://picsum.photos/200/300?random=244', 509);
INSERT INTO photo(photo_url, post_id) VALUES ('https://picsum.photos/200/300?random=448', 510);
INSERT INTO photo(photo_url, post_id) VALUES ('https://picsum.photos/200/300?random=615', 511);
INSERT INTO photo(photo_url, post_id) VALUES ('https://picsum.photos/200/300?random=739', 512);
INSERT INTO photo(photo_url, post_id) VALUES ('https://picsum.photos/200/300?random=998', 513);
INSERT INTO photo(photo_url, post_id) VALUES ('https://picsum.photos/200/300?random=698', 514);
INSERT INTO photo(photo_url, post_id) VALUES ('https://picsum.photos/200/300?random=794', 515);
INSERT INTO photo(photo_url, post_id) VALUES ('https://picsum.photos/200/300?random=765', 516);
INSERT INTO photo(photo_url, post_id) VALUES ('https://picsum.photos/200/300?random=248', 517);
INSERT INTO photo(photo_url, post_id) VALUES ('https://picsum.photos/200/300?random=936', 518);
INSERT INTO photo(photo_url, post_id) VALUES ('https://picsum.photos/200/300?random=154', 519);
INSERT INTO photo(photo_url, post_id) VALUES ('https://picsum.photos/200/300?random=927', 520);
INSERT INTO photo(photo_url, post_id) VALUES ('https://picsum.photos/200/300?random=572', 521);
INSERT INTO photo(photo_url, post_id) VALUES ('https://picsum.photos/200/300?random=196', 522);
INSERT INTO photo(photo_url, post_id) VALUES ('https://picsum.photos/200/300?random=44', 523);
INSERT INTO photo(photo_url, post_id) VALUES ('https://picsum.photos/200/300?random=752', 524);
INSERT INTO photo(photo_url, post_id) VALUES ('https://picsum.photos/200/300?random=991', 525);
INSERT INTO photo(photo_url, post_id) VALUES ('https://picsum.photos/200/300?random=136', 526);
INSERT INTO photo(photo_url, post_id) VALUES ('https://picsum.photos/200/300?random=892', 527);
INSERT INTO photo(photo_url, post_id) VALUES ('https://picsum.photos/200/300?random=236', 528);
INSERT INTO photo(photo_url, post_id) VALUES ('https://picsum.photos/200/300?random=795', 529);
INSERT INTO photo(photo_url, post_id) VALUES ('https://picsum.photos/200/300?random=830', 530);
INSERT INTO photo(photo_url, post_id) VALUES ('https://picsum.photos/200/300?random=733', 531);
INSERT INTO photo(photo_url, post_id) VALUES ('https://picsum.photos/200/300?random=604', 532);
INSERT INTO photo(photo_url, post_id) VALUES ('https://picsum.photos/200/300?random=160', 533);
INSERT INTO photo(photo_url, post_id) VALUES ('https://picsum.photos/200/300?random=234', 534);
INSERT INTO photo(photo_url, post_id) VALUES ('https://picsum.photos/200/300?random=180', 535);
INSERT INTO photo(photo_url, post_id) VALUES ('https://picsum.photos/200/300?random=410', 536);
INSERT INTO photo(photo_url, post_id) VALUES ('https://picsum.photos/200/300?random=138', 537);
INSERT INTO photo(photo_url, post_id) VALUES ('https://picsum.photos/200/300?random=850', 538);
INSERT INTO photo(photo_url, post_id) VALUES ('https://picsum.photos/200/300?random=384', 539);
INSERT INTO photo(photo_url, post_id) VALUES ('https://picsum.photos/200/300?random=369', 540);
INSERT INTO photo(photo_url, post_id) VALUES ('https://picsum.photos/200/300?random=673', 541);
INSERT INTO photo(photo_url, post_id) VALUES ('https://picsum.photos/200/300?random=737', 542);
INSERT INTO photo(photo_url, post_id) VALUES ('https://picsum.photos/200/300?random=118', 543);
INSERT INTO photo(photo_url, post_id) VALUES ('https://picsum.photos/200/300?random=570', 544);
INSERT INTO photo(photo_url, post_id) VALUES ('https://picsum.photos/200/300?random=517', 545);
INSERT INTO photo(photo_url, post_id) VALUES ('https://picsum.photos/200/300?random=195', 546);
INSERT INTO photo(photo_url, post_id) VALUES ('https://picsum.photos/200/300?random=755', 547);
INSERT INTO photo(photo_url, post_id) VALUES ('https://picsum.photos/200/300?random=686', 548);
INSERT INTO photo(photo_url, post_id) VALUES ('https://picsum.photos/200/300?random=996', 549);
INSERT INTO photo(photo_url, post_id) VALUES ('https://picsum.photos/200/300?random=214', 550);
INSERT INTO photo(photo_url, post_id) VALUES ('https://picsum.photos/200/300?random=100', 551);
INSERT INTO photo(photo_url, post_id) VALUES ('https://picsum.photos/200/300?random=127', 552);
INSERT INTO photo(photo_url, post_id) VALUES ('https://picsum.photos/200/300?random=583', 553);
INSERT INTO photo(photo_url, post_id) VALUES ('https://picsum.photos/200/300?random=969', 554);
INSERT INTO photo(photo_url, post_id) VALUES ('https://picsum.photos/200/300?random=816', 555);
INSERT INTO photo(photo_url, post_id) VALUES ('https://picsum.photos/200/300?random=73', 556);
INSERT INTO photo(photo_url, post_id) VALUES ('https://picsum.photos/200/300?random=594', 557);
INSERT INTO photo(photo_url, post_id) VALUES ('https://picsum.photos/200/300?random=882', 558);
INSERT INTO photo(photo_url, post_id) VALUES ('https://picsum.photos/200/300?random=294', 559);
INSERT INTO photo(photo_url, post_id) VALUES ('https://picsum.photos/200/300?random=415', 560);
INSERT INTO photo(photo_url, post_id) VALUES ('https://picsum.photos/200/300?random=62', 561);
INSERT INTO photo(photo_url, post_id) VALUES ('https://picsum.photos/200/300?random=431', 562);
INSERT INTO photo(photo_url, post_id) VALUES ('https://picsum.photos/200/300?random=78', 563);
INSERT INTO photo(photo_url, post_id) VALUES ('https://picsum.photos/200/300?random=473', 564);
INSERT INTO photo(photo_url, post_id) VALUES ('https://picsum.photos/200/300?random=788', 565);
INSERT INTO photo(photo_url, post_id) VALUES ('https://picsum.photos/200/300?random=583', 566);
INSERT INTO photo(photo_url, post_id) VALUES ('https://picsum.photos/200/300?random=815', 567);
INSERT INTO photo(photo_url, post_id) VALUES ('https://picsum.photos/200/300?random=756', 568);
INSERT INTO photo(photo_url, post_id) VALUES ('https://picsum.photos/200/300?random=413', 569);
INSERT INTO photo(photo_url, post_id) VALUES ('https://picsum.photos/200/300?random=244', 570);
INSERT INTO photo(photo_url, post_id) VALUES ('https://picsum.photos/200/300?random=87', 571);
INSERT INTO photo(photo_url, post_id) VALUES ('https://picsum.photos/200/300?random=874', 572);
INSERT INTO photo(photo_url, post_id) VALUES ('https://picsum.photos/200/300?random=464', 573);
INSERT INTO photo(photo_url, post_id) VALUES ('https://picsum.photos/200/300?random=261', 574);
INSERT INTO photo(photo_url, post_id) VALUES ('https://picsum.photos/200/300?random=156', 575);
INSERT INTO photo(photo_url, post_id) VALUES ('https://picsum.photos/200/300?random=508', 576);
INSERT INTO photo(photo_url, post_id) VALUES ('https://picsum.photos/200/300?random=345', 577);
INSERT INTO photo(photo_url, post_id) VALUES ('https://picsum.photos/200/300?random=831', 578);
INSERT INTO photo(photo_url, post_id) VALUES ('https://picsum.photos/200/300?random=263', 579);
INSERT INTO photo(photo_url, post_id) VALUES ('https://picsum.photos/200/300?random=23', 580);
INSERT INTO photo(photo_url, post_id) VALUES ('https://picsum.photos/200/300?random=908', 581);
INSERT INTO photo(photo_url, post_id) VALUES ('https://picsum.photos/200/300?random=151', 582);
INSERT INTO photo(photo_url, post_id) VALUES ('https://picsum.photos/200/300?random=884', 583);
INSERT INTO photo(photo_url, post_id) VALUES ('https://picsum.photos/200/300?random=890', 584);
INSERT INTO photo(photo_url, post_id) VALUES ('https://picsum.photos/200/300?random=189', 585);
INSERT INTO photo(photo_url, post_id) VALUES ('https://picsum.photos/200/300?random=529', 586);
INSERT INTO photo(photo_url, post_id) VALUES ('https://picsum.photos/200/300?random=508', 587);
INSERT INTO photo(photo_url, post_id) VALUES ('https://picsum.photos/200/300?random=173', 588);
INSERT INTO photo(photo_url, post_id) VALUES ('https://picsum.photos/200/300?random=746', 589);
INSERT INTO photo(photo_url, post_id) VALUES ('https://picsum.photos/200/300?random=580', 590);
INSERT INTO photo(photo_url, post_id) VALUES ('https://picsum.photos/200/300?random=316', 591);
INSERT INTO photo(photo_url, post_id) VALUES ('https://picsum.photos/200/300?random=309', 592);
INSERT INTO photo(photo_url, post_id) VALUES ('https://picsum.photos/200/300?random=170', 593);
INSERT INTO photo(photo_url, post_id) VALUES ('https://picsum.photos/200/300?random=10', 594);
INSERT INTO photo(photo_url, post_id) VALUES ('https://picsum.photos/200/300?random=539', 595);
INSERT INTO photo(photo_url, post_id) VALUES ('https://picsum.photos/200/300?random=992', 596);
INSERT INTO photo(photo_url, post_id) VALUES ('https://picsum.photos/200/300?random=715', 597);
INSERT INTO photo(photo_url, post_id) VALUES ('https://picsum.photos/200/300?random=155', 598);
INSERT INTO photo(photo_url, post_id) VALUES ('https://picsum.photos/200/300?random=82', 599);
INSERT INTO photo(photo_url, post_id) VALUES ('https://picsum.photos/200/300?random=100', 600);
INSERT INTO photo(photo_url, post_id) VALUES ('https://picsum.photos/200/300?random=870', 601);
INSERT INTO photo(photo_url, post_id) VALUES ('https://picsum.photos/200/300?random=736', 602);
INSERT INTO photo(photo_url, post_id) VALUES ('https://picsum.photos/200/300?random=818', 603);
INSERT INTO photo(photo_url, post_id) VALUES ('https://picsum.photos/200/300?random=214', 604);
INSERT INTO photo(photo_url, post_id) VALUES ('https://picsum.photos/200/300?random=787', 605);
INSERT INTO photo(photo_url, post_id) VALUES ('https://picsum.photos/200/300?random=263', 606);
INSERT INTO photo(photo_url, post_id) VALUES ('https://picsum.photos/200/300?random=989', 607);
INSERT INTO photo(photo_url, post_id) VALUES ('https://picsum.photos/200/300?random=932', 608);
INSERT INTO photo(photo_url, post_id) VALUES ('https://picsum.photos/200/300?random=154', 609);
INSERT INTO photo(photo_url, post_id) VALUES ('https://picsum.photos/200/300?random=807', 610);
INSERT INTO photo(photo_url, post_id) VALUES ('https://picsum.photos/200/300?random=731', 611);
INSERT INTO photo(photo_url, post_id) VALUES ('https://picsum.photos/200/300?random=165', 612);
INSERT INTO photo(photo_url, post_id) VALUES ('https://picsum.photos/200/300?random=177', 613);
INSERT INTO photo(photo_url, post_id) VALUES ('https://picsum.photos/200/300?random=81', 614);
INSERT INTO photo(photo_url, post_id) VALUES ('https://picsum.photos/200/300?random=657', 615);
INSERT INTO photo(photo_url, post_id) VALUES ('https://picsum.photos/200/300?random=362', 616);
INSERT INTO photo(photo_url, post_id) VALUES ('https://picsum.photos/200/300?random=619', 617);
INSERT INTO photo(photo_url, post_id) VALUES ('https://picsum.photos/200/300?random=210', 618);
INSERT INTO photo(photo_url, post_id) VALUES ('https://picsum.photos/200/300?random=356', 619);
INSERT INTO photo(photo_url, post_id) VALUES ('https://picsum.photos/200/300?random=125', 620);
INSERT INTO photo(photo_url, post_id) VALUES ('https://picsum.photos/200/300?random=454', 621);
INSERT INTO photo(photo_url, post_id) VALUES ('https://picsum.photos/200/300?random=291', 622);
INSERT INTO photo(photo_url, post_id) VALUES ('https://picsum.photos/200/300?random=361', 623);
INSERT INTO photo(photo_url, post_id) VALUES ('https://picsum.photos/200/300?random=222', 624);
INSERT INTO photo(photo_url, post_id) VALUES ('https://picsum.photos/200/300?random=596', 625);
INSERT INTO photo(photo_url, post_id) VALUES ('https://picsum.photos/200/300?random=445', 626);
INSERT INTO photo(photo_url, post_id) VALUES ('https://picsum.photos/200/300?random=610', 627);
INSERT INTO photo(photo_url, post_id) VALUES ('https://picsum.photos/200/300?random=81', 628);
INSERT INTO photo(photo_url, post_id) VALUES ('https://picsum.photos/200/300?random=869', 629);
INSERT INTO photo(photo_url, post_id) VALUES ('https://picsum.photos/200/300?random=99', 630);
INSERT INTO photo(photo_url, post_id) VALUES ('https://picsum.photos/200/300?random=633', 631);
INSERT INTO photo(photo_url, post_id) VALUES ('https://picsum.photos/200/300?random=547', 632);
INSERT INTO photo(photo_url, post_id) VALUES ('https://picsum.photos/200/300?random=592', 633);
INSERT INTO photo(photo_url, post_id) VALUES ('https://picsum.photos/200/300?random=416', 634);
INSERT INTO photo(photo_url, post_id) VALUES ('https://picsum.photos/200/300?random=299', 635);
INSERT INTO photo(photo_url, post_id) VALUES ('https://picsum.photos/200/300?random=571', 636);
INSERT INTO photo(photo_url, post_id) VALUES ('https://picsum.photos/200/300?random=642', 637);
INSERT INTO photo(photo_url, post_id) VALUES ('https://picsum.photos/200/300?random=935', 638);
INSERT INTO photo(photo_url, post_id) VALUES ('https://picsum.photos/200/300?random=883', 639);
INSERT INTO photo(photo_url, post_id) VALUES ('https://picsum.photos/200/300?random=110', 640);
INSERT INTO photo(photo_url, post_id) VALUES ('https://picsum.photos/200/300?random=240', 641);
INSERT INTO photo(photo_url, post_id) VALUES ('https://picsum.photos/200/300?random=623', 642);
INSERT INTO photo(photo_url, post_id) VALUES ('https://picsum.photos/200/300?random=251', 643);
INSERT INTO photo(photo_url, post_id) VALUES ('https://picsum.photos/200/300?random=376', 644);
INSERT INTO photo(photo_url, post_id) VALUES ('https://picsum.photos/200/300?random=467', 645);
INSERT INTO photo(photo_url, post_id) VALUES ('https://picsum.photos/200/300?random=339', 646);
INSERT INTO photo(photo_url, post_id) VALUES ('https://picsum.photos/200/300?random=242', 647);
INSERT INTO photo(photo_url, post_id) VALUES ('https://picsum.photos/200/300?random=327', 648);
INSERT INTO photo(photo_url, post_id) VALUES ('https://picsum.photos/200/300?random=510', 649);
INSERT INTO photo(photo_url, post_id) VALUES ('https://picsum.photos/200/300?random=212', 650);
INSERT INTO photo(photo_url, post_id) VALUES ('https://picsum.photos/200/300?random=479', 651);
INSERT INTO photo(photo_url, post_id) VALUES ('https://picsum.photos/200/300?random=477', 652);
INSERT INTO photo(photo_url, post_id) VALUES ('https://picsum.photos/200/300?random=194', 653);
INSERT INTO photo(photo_url, post_id) VALUES ('https://picsum.photos/200/300?random=348', 654);
INSERT INTO photo(photo_url, post_id) VALUES ('https://picsum.photos/200/300?random=829', 655);
INSERT INTO photo(photo_url, post_id) VALUES ('https://picsum.photos/200/300?random=425', 656);
INSERT INTO photo(photo_url, post_id) VALUES ('https://picsum.photos/200/300?random=514', 657);
INSERT INTO photo(photo_url, post_id) VALUES ('https://picsum.photos/200/300?random=995', 658);
INSERT INTO photo(photo_url, post_id) VALUES ('https://picsum.photos/200/300?random=44', 659);
INSERT INTO photo(photo_url, post_id) VALUES ('https://picsum.photos/200/300?random=218', 660);
INSERT INTO photo(photo_url, post_id) VALUES ('https://picsum.photos/200/300?random=51', 661);
INSERT INTO photo(photo_url, post_id) VALUES ('https://picsum.photos/200/300?random=947', 662);
INSERT INTO photo(photo_url, post_id) VALUES ('https://picsum.photos/200/300?random=260', 663);
INSERT INTO photo(photo_url, post_id) VALUES ('https://picsum.photos/200/300?random=841', 664);
INSERT INTO photo(photo_url, post_id) VALUES ('https://picsum.photos/200/300?random=926', 665);
INSERT INTO photo(photo_url, post_id) VALUES ('https://picsum.photos/200/300?random=912', 666);
INSERT INTO photo(photo_url, post_id) VALUES ('https://picsum.photos/200/300?random=950', 667);
INSERT INTO photo(photo_url, post_id) VALUES ('https://picsum.photos/200/300?random=42', 668);
INSERT INTO photo(photo_url, post_id) VALUES ('https://picsum.photos/200/300?random=5', 669);
INSERT INTO photo(photo_url, post_id) VALUES ('https://picsum.photos/200/300?random=820', 670);
INSERT INTO photo(photo_url, post_id) VALUES ('https://picsum.photos/200/300?random=603', 671);
INSERT INTO photo(photo_url, post_id) VALUES ('https://picsum.photos/200/300?random=63', 672);
INSERT INTO photo(photo_url, post_id) VALUES ('https://picsum.photos/200/300?random=284', 673);
INSERT INTO photo(photo_url, post_id) VALUES ('https://picsum.photos/200/300?random=959', 674);
INSERT INTO photo(photo_url, post_id) VALUES ('https://picsum.photos/200/300?random=20', 675);
INSERT INTO photo(photo_url, post_id) VALUES ('https://picsum.photos/200/300?random=98', 676);
INSERT INTO photo(photo_url, post_id) VALUES ('https://picsum.photos/200/300?random=165', 677);
INSERT INTO photo(photo_url, post_id) VALUES ('https://picsum.photos/200/300?random=30', 678);
INSERT INTO photo(photo_url, post_id) VALUES ('https://picsum.photos/200/300?random=302', 679);
INSERT INTO photo(photo_url, post_id) VALUES ('https://picsum.photos/200/300?random=961', 680);
INSERT INTO photo(photo_url, post_id) VALUES ('https://picsum.photos/200/300?random=166', 681);
INSERT INTO photo(photo_url, post_id) VALUES ('https://picsum.photos/200/300?random=990', 682);
INSERT INTO photo(photo_url, post_id) VALUES ('https://picsum.photos/200/300?random=591', 683);
INSERT INTO photo(photo_url, post_id) VALUES ('https://picsum.photos/200/300?random=588', 684);
INSERT INTO photo(photo_url, post_id) VALUES ('https://picsum.photos/200/300?random=982', 685);
INSERT INTO photo(photo_url, post_id) VALUES ('https://picsum.photos/200/300?random=125', 686);
INSERT INTO photo(photo_url, post_id) VALUES ('https://picsum.photos/200/300?random=427', 687);
INSERT INTO photo(photo_url, post_id) VALUES ('https://picsum.photos/200/300?random=110', 688);
INSERT INTO photo(photo_url, post_id) VALUES ('https://picsum.photos/200/300?random=873', 689);
INSERT INTO photo(photo_url, post_id) VALUES ('https://picsum.photos/200/300?random=435', 690);
INSERT INTO photo(photo_url, post_id) VALUES ('https://picsum.photos/200/300?random=452', 691);
INSERT INTO photo(photo_url, post_id) VALUES ('https://picsum.photos/200/300?random=164', 692);
INSERT INTO photo(photo_url, post_id) VALUES ('https://picsum.photos/200/300?random=308', 693);
INSERT INTO photo(photo_url, post_id) VALUES ('https://picsum.photos/200/300?random=165', 694);
INSERT INTO photo(photo_url, post_id) VALUES ('https://picsum.photos/200/300?random=394', 695);
INSERT INTO photo(photo_url, post_id) VALUES ('https://picsum.photos/200/300?random=906', 696);
INSERT INTO photo(photo_url, post_id) VALUES ('https://picsum.photos/200/300?random=387', 697);
INSERT INTO photo(photo_url, post_id) VALUES ('https://picsum.photos/200/300?random=640', 698);
INSERT INTO photo(photo_url, post_id) VALUES ('https://picsum.photos/200/300?random=649', 699);
INSERT INTO photo(photo_url, post_id) VALUES ('https://picsum.photos/200/300?random=229', 700);
INSERT INTO photo(photo_url, post_id) VALUES ('https://picsum.photos/200/300?random=564', 701);
INSERT INTO photo(photo_url, post_id) VALUES ('https://picsum.photos/200/300?random=655', 702);
INSERT INTO photo(photo_url, post_id) VALUES ('https://picsum.photos/200/300?random=561', 703);
INSERT INTO photo(photo_url, post_id) VALUES ('https://picsum.photos/200/300?random=248', 704);
INSERT INTO photo(photo_url, post_id) VALUES ('https://picsum.photos/200/300?random=774', 705);
INSERT INTO photo(photo_url, post_id) VALUES ('https://picsum.photos/200/300?random=80', 706);
INSERT INTO photo(photo_url, post_id) VALUES ('https://picsum.photos/200/300?random=422', 707);
INSERT INTO photo(photo_url, post_id) VALUES ('https://picsum.photos/200/300?random=343', 708);
INSERT INTO photo(photo_url, post_id) VALUES ('https://picsum.photos/200/300?random=199', 709);
INSERT INTO photo(photo_url, post_id) VALUES ('https://picsum.photos/200/300?random=950', 710);
INSERT INTO photo(photo_url, post_id) VALUES ('https://picsum.photos/200/300?random=849', 711);
INSERT INTO photo(photo_url, post_id) VALUES ('https://picsum.photos/200/300?random=141', 712);
INSERT INTO photo(photo_url, post_id) VALUES ('https://picsum.photos/200/300?random=332', 713);
INSERT INTO photo(photo_url, post_id) VALUES ('https://picsum.photos/200/300?random=202', 714);
INSERT INTO photo(photo_url, post_id) VALUES ('https://picsum.photos/200/300?random=822', 715);
INSERT INTO photo(photo_url, post_id) VALUES ('https://picsum.photos/200/300?random=197', 716);
INSERT INTO photo(photo_url, post_id) VALUES ('https://picsum.photos/200/300?random=650', 717);
INSERT INTO photo(photo_url, post_id) VALUES ('https://picsum.photos/200/300?random=59', 718);
INSERT INTO photo(photo_url, post_id) VALUES ('https://picsum.photos/200/300?random=217', 719);
INSERT INTO photo(photo_url, post_id) VALUES ('https://picsum.photos/200/300?random=985', 720);
INSERT INTO photo(photo_url, post_id) VALUES ('https://picsum.photos/200/300?random=654', 721);
INSERT INTO photo(photo_url, post_id) VALUES ('https://picsum.photos/200/300?random=569', 722);
INSERT INTO photo(photo_url, post_id) VALUES ('https://picsum.photos/200/300?random=277', 723);
INSERT INTO photo(photo_url, post_id) VALUES ('https://picsum.photos/200/300?random=413', 724);
INSERT INTO photo(photo_url, post_id) VALUES ('https://picsum.photos/200/300?random=809', 725);
INSERT INTO photo(photo_url, post_id) VALUES ('https://picsum.photos/200/300?random=499', 726);
INSERT INTO photo(photo_url, post_id) VALUES ('https://picsum.photos/200/300?random=171', 727);
INSERT INTO photo(photo_url, post_id) VALUES ('https://picsum.photos/200/300?random=228', 728);
INSERT INTO photo(photo_url, post_id) VALUES ('https://picsum.photos/200/300?random=223', 729);
INSERT INTO photo(photo_url, post_id) VALUES ('https://picsum.photos/200/300?random=683', 730);
INSERT INTO photo(photo_url, post_id) VALUES ('https://picsum.photos/200/300?random=764', 731);
INSERT INTO photo(photo_url, post_id) VALUES ('https://picsum.photos/200/300?random=267', 732);
INSERT INTO photo(photo_url, post_id) VALUES ('https://picsum.photos/200/300?random=342', 733);
INSERT INTO photo(photo_url, post_id) VALUES ('https://picsum.photos/200/300?random=749', 734);
INSERT INTO photo(photo_url, post_id) VALUES ('https://picsum.photos/200/300?random=850', 735);
INSERT INTO photo(photo_url, post_id) VALUES ('https://picsum.photos/200/300?random=752', 736);
INSERT INTO photo(photo_url, post_id) VALUES ('https://picsum.photos/200/300?random=301', 737);
INSERT INTO photo(photo_url, post_id) VALUES ('https://picsum.photos/200/300?random=436', 738);
INSERT INTO photo(photo_url, post_id) VALUES ('https://picsum.photos/200/300?random=403', 739);
INSERT INTO photo(photo_url, post_id) VALUES ('https://picsum.photos/200/300?random=312', 740);
INSERT INTO photo(photo_url, post_id) VALUES ('https://picsum.photos/200/300?random=368', 741);
INSERT INTO photo(photo_url, post_id) VALUES ('https://picsum.photos/200/300?random=105', 742);
INSERT INTO photo(photo_url, post_id) VALUES ('https://picsum.photos/200/300?random=719', 743);
INSERT INTO photo(photo_url, post_id) VALUES ('https://picsum.photos/200/300?random=1000', 744);
INSERT INTO photo(photo_url, post_id) VALUES ('https://picsum.photos/200/300?random=219', 745);
INSERT INTO photo(photo_url, post_id) VALUES ('https://picsum.photos/200/300?random=948', 746);
INSERT INTO photo(photo_url, post_id) VALUES ('https://picsum.photos/200/300?random=661', 747);
INSERT INTO photo(photo_url, post_id) VALUES ('https://picsum.photos/200/300?random=678', 748);
INSERT INTO photo(photo_url, post_id) VALUES ('https://picsum.photos/200/300?random=251', 749);
INSERT INTO photo(photo_url, post_id) VALUES ('https://picsum.photos/200/300?random=952', 750);
INSERT INTO photo(photo_url, post_id) VALUES ('https://picsum.photos/200/300?random=985', 751);
INSERT INTO photo(photo_url, post_id) VALUES ('https://picsum.photos/200/300?random=731', 752);
INSERT INTO photo(photo_url, post_id) VALUES ('https://picsum.photos/200/300?random=7', 753);
INSERT INTO photo(photo_url, post_id) VALUES ('https://picsum.photos/200/300?random=130', 754);
INSERT INTO photo(photo_url, post_id) VALUES ('https://picsum.photos/200/300?random=808', 755);
INSERT INTO photo(photo_url, post_id) VALUES ('https://picsum.photos/200/300?random=645', 756);
INSERT INTO photo(photo_url, post_id) VALUES ('https://picsum.photos/200/300?random=450', 757);
INSERT INTO photo(photo_url, post_id) VALUES ('https://picsum.photos/200/300?random=632', 758);
INSERT INTO photo(photo_url, post_id) VALUES ('https://picsum.photos/200/300?random=574', 759);
INSERT INTO photo(photo_url, post_id) VALUES ('https://picsum.photos/200/300?random=628', 760);
INSERT INTO photo(photo_url, post_id) VALUES ('https://picsum.photos/200/300?random=377', 761);
INSERT INTO photo(photo_url, post_id) VALUES ('https://picsum.photos/200/300?random=810', 762);
INSERT INTO photo(photo_url, post_id) VALUES ('https://picsum.photos/200/300?random=999', 763);
INSERT INTO photo(photo_url, post_id) VALUES ('https://picsum.photos/200/300?random=998', 764);
INSERT INTO photo(photo_url, post_id) VALUES ('https://picsum.photos/200/300?random=897', 765);
INSERT INTO photo(photo_url, post_id) VALUES ('https://picsum.photos/200/300?random=135', 766);
INSERT INTO photo(photo_url, post_id) VALUES ('https://picsum.photos/200/300?random=111', 767);
INSERT INTO photo(photo_url, post_id) VALUES ('https://picsum.photos/200/300?random=363', 768);
INSERT INTO photo(photo_url, post_id) VALUES ('https://picsum.photos/200/300?random=377', 769);
INSERT INTO photo(photo_url, post_id) VALUES ('https://picsum.photos/200/300?random=408', 770);
INSERT INTO photo(photo_url, post_id) VALUES ('https://picsum.photos/200/300?random=491', 771);
INSERT INTO photo(photo_url, post_id) VALUES ('https://picsum.photos/200/300?random=309', 772);
INSERT INTO photo(photo_url, post_id) VALUES ('https://picsum.photos/200/300?random=569', 773);
INSERT INTO photo(photo_url, post_id) VALUES ('https://picsum.photos/200/300?random=182', 774);
INSERT INTO photo(photo_url, post_id) VALUES ('https://picsum.photos/200/300?random=688', 775);
INSERT INTO photo(photo_url, post_id) VALUES ('https://picsum.photos/200/300?random=710', 776);
INSERT INTO photo(photo_url, post_id) VALUES ('https://picsum.photos/200/300?random=488', 777);
INSERT INTO photo(photo_url, post_id) VALUES ('https://picsum.photos/200/300?random=387', 778);
INSERT INTO photo(photo_url, post_id) VALUES ('https://picsum.photos/200/300?random=93', 779);
INSERT INTO photo(photo_url, post_id) VALUES ('https://picsum.photos/200/300?random=379', 780);
INSERT INTO photo(photo_url, post_id) VALUES ('https://picsum.photos/200/300?random=785', 781);
INSERT INTO photo(photo_url, post_id) VALUES ('https://picsum.photos/200/300?random=437', 782);
INSERT INTO photo(photo_url, post_id) VALUES ('https://picsum.photos/200/300?random=901', 783);
INSERT INTO photo(photo_url, post_id) VALUES ('https://picsum.photos/200/300?random=488', 784);
INSERT INTO photo(photo_url, post_id) VALUES ('https://picsum.photos/200/300?random=965', 785);
INSERT INTO photo(photo_url, post_id) VALUES ('https://picsum.photos/200/300?random=343', 786);
INSERT INTO photo(photo_url, post_id) VALUES ('https://picsum.photos/200/300?random=263', 787);
INSERT INTO photo(photo_url, post_id) VALUES ('https://picsum.photos/200/300?random=913', 788);
INSERT INTO photo(photo_url, post_id) VALUES ('https://picsum.photos/200/300?random=64', 789);
INSERT INTO photo(photo_url, post_id) VALUES ('https://picsum.photos/200/300?random=470', 790);
INSERT INTO photo(photo_url, post_id) VALUES ('https://picsum.photos/200/300?random=311', 791);
INSERT INTO photo(photo_url, post_id) VALUES ('https://picsum.photos/200/300?random=992', 792);
INSERT INTO photo(photo_url, post_id) VALUES ('https://picsum.photos/200/300?random=298', 793);
INSERT INTO photo(photo_url, post_id) VALUES ('https://picsum.photos/200/300?random=232', 794);
INSERT INTO photo(photo_url, post_id) VALUES ('https://picsum.photos/200/300?random=594', 795);
INSERT INTO photo(photo_url, post_id) VALUES ('https://picsum.photos/200/300?random=205', 796);
INSERT INTO photo(photo_url, post_id) VALUES ('https://picsum.photos/200/300?random=157', 797);
INSERT INTO photo(photo_url, post_id) VALUES ('https://picsum.photos/200/300?random=394', 798);
INSERT INTO photo(photo_url, post_id) VALUES ('https://picsum.photos/200/300?random=202', 799);
INSERT INTO photo(photo_url, post_id) VALUES ('https://picsum.photos/200/300?random=650', 800);
INSERT INTO photo(photo_url, post_id) VALUES ('https://picsum.photos/200/300?random=100', 801);
INSERT INTO photo(photo_url, post_id) VALUES ('https://picsum.photos/200/300?random=999', 802);
INSERT INTO photo(photo_url, post_id) VALUES ('https://picsum.photos/200/300?random=27', 803);
INSERT INTO photo(photo_url, post_id) VALUES ('https://picsum.photos/200/300?random=956', 804);
INSERT INTO photo(photo_url, post_id) VALUES ('https://picsum.photos/200/300?random=660', 805);
INSERT INTO photo(photo_url, post_id) VALUES ('https://picsum.photos/200/300?random=542', 806);
INSERT INTO photo(photo_url, post_id) VALUES ('https://picsum.photos/200/300?random=348', 807);
INSERT INTO photo(photo_url, post_id) VALUES ('https://picsum.photos/200/300?random=112', 808);
INSERT INTO photo(photo_url, post_id) VALUES ('https://picsum.photos/200/300?random=253', 809);
INSERT INTO photo(photo_url, post_id) VALUES ('https://picsum.photos/200/300?random=353', 810);
INSERT INTO photo(photo_url, post_id) VALUES ('https://picsum.photos/200/300?random=842', 811);
INSERT INTO photo(photo_url, post_id) VALUES ('https://picsum.photos/200/300?random=984', 812);
INSERT INTO photo(photo_url, post_id) VALUES ('https://picsum.photos/200/300?random=93', 813);
INSERT INTO photo(photo_url, post_id) VALUES ('https://picsum.photos/200/300?random=462', 814);
INSERT INTO photo(photo_url, post_id) VALUES ('https://picsum.photos/200/300?random=60', 815);
INSERT INTO photo(photo_url, post_id) VALUES ('https://picsum.photos/200/300?random=925', 816);
INSERT INTO photo(photo_url, post_id) VALUES ('https://picsum.photos/200/300?random=838', 817);
INSERT INTO photo(photo_url, post_id) VALUES ('https://picsum.photos/200/300?random=596', 818);
INSERT INTO photo(photo_url, post_id) VALUES ('https://picsum.photos/200/300?random=437', 819);
INSERT INTO photo(photo_url, post_id) VALUES ('https://picsum.photos/200/300?random=860', 820);
INSERT INTO photo(photo_url, post_id) VALUES ('https://picsum.photos/200/300?random=419', 821);
INSERT INTO photo(photo_url, post_id) VALUES ('https://picsum.photos/200/300?random=799', 822);
INSERT INTO photo(photo_url, post_id) VALUES ('https://picsum.photos/200/300?random=569', 823);
INSERT INTO photo(photo_url, post_id) VALUES ('https://picsum.photos/200/300?random=858', 824);
INSERT INTO photo(photo_url, post_id) VALUES ('https://picsum.photos/200/300?random=960', 825);
INSERT INTO photo(photo_url, post_id) VALUES ('https://picsum.photos/200/300?random=314', 826);
INSERT INTO photo(photo_url, post_id) VALUES ('https://picsum.photos/200/300?random=832', 827);
INSERT INTO photo(photo_url, post_id) VALUES ('https://picsum.photos/200/300?random=5', 828);
INSERT INTO photo(photo_url, post_id) VALUES ('https://picsum.photos/200/300?random=211', 829);
INSERT INTO photo(photo_url, post_id) VALUES ('https://picsum.photos/200/300?random=283', 830);
INSERT INTO photo(photo_url, post_id) VALUES ('https://picsum.photos/200/300?random=888', 831);
INSERT INTO photo(photo_url, post_id) VALUES ('https://picsum.photos/200/300?random=930', 832);
INSERT INTO photo(photo_url, post_id) VALUES ('https://picsum.photos/200/300?random=544', 833);
INSERT INTO photo(photo_url, post_id) VALUES ('https://picsum.photos/200/300?random=304', 834);
INSERT INTO photo(photo_url, post_id) VALUES ('https://picsum.photos/200/300?random=750', 835);
INSERT INTO photo(photo_url, post_id) VALUES ('https://picsum.photos/200/300?random=456', 836);
INSERT INTO photo(photo_url, post_id) VALUES ('https://picsum.photos/200/300?random=48', 837);
INSERT INTO photo(photo_url, post_id) VALUES ('https://picsum.photos/200/300?random=593', 838);
INSERT INTO photo(photo_url, post_id) VALUES ('https://picsum.photos/200/300?random=436', 839);
INSERT INTO photo(photo_url, post_id) VALUES ('https://picsum.photos/200/300?random=581', 840);
INSERT INTO photo(photo_url, post_id) VALUES ('https://picsum.photos/200/300?random=79', 841);
INSERT INTO photo(photo_url, post_id) VALUES ('https://picsum.photos/200/300?random=300', 842);
INSERT INTO photo(photo_url, post_id) VALUES ('https://picsum.photos/200/300?random=80', 843);
INSERT INTO photo(photo_url, post_id) VALUES ('https://picsum.photos/200/300?random=587', 844);
INSERT INTO photo(photo_url, post_id) VALUES ('https://picsum.photos/200/300?random=607', 845);
INSERT INTO photo(photo_url, post_id) VALUES ('https://picsum.photos/200/300?random=881', 846);
INSERT INTO photo(photo_url, post_id) VALUES ('https://picsum.photos/200/300?random=90', 847);
INSERT INTO photo(photo_url, post_id) VALUES ('https://picsum.photos/200/300?random=192', 848);
INSERT INTO photo(photo_url, post_id) VALUES ('https://picsum.photos/200/300?random=995', 849);
INSERT INTO photo(photo_url, post_id) VALUES ('https://picsum.photos/200/300?random=619', 850);
INSERT INTO photo(photo_url, post_id) VALUES ('https://picsum.photos/200/300?random=130', 851);
INSERT INTO photo(photo_url, post_id) VALUES ('https://picsum.photos/200/300?random=959', 852);
INSERT INTO photo(photo_url, post_id) VALUES ('https://picsum.photos/200/300?random=403', 853);
INSERT INTO photo(photo_url, post_id) VALUES ('https://picsum.photos/200/300?random=172', 854);
INSERT INTO photo(photo_url, post_id) VALUES ('https://picsum.photos/200/300?random=332', 855);
INSERT INTO photo(photo_url, post_id) VALUES ('https://picsum.photos/200/300?random=724', 856);
INSERT INTO photo(photo_url, post_id) VALUES ('https://picsum.photos/200/300?random=639', 857);
INSERT INTO photo(photo_url, post_id) VALUES ('https://picsum.photos/200/300?random=549', 858);
INSERT INTO photo(photo_url, post_id) VALUES ('https://picsum.photos/200/300?random=708', 859);
INSERT INTO photo(photo_url, post_id) VALUES ('https://picsum.photos/200/300?random=277', 860);
INSERT INTO photo(photo_url, post_id) VALUES ('https://picsum.photos/200/300?random=899', 861);
INSERT INTO photo(photo_url, post_id) VALUES ('https://picsum.photos/200/300?random=660', 862);
INSERT INTO photo(photo_url, post_id) VALUES ('https://picsum.photos/200/300?random=852', 863);
INSERT INTO photo(photo_url, post_id) VALUES ('https://picsum.photos/200/300?random=903', 864);
INSERT INTO photo(photo_url, post_id) VALUES ('https://picsum.photos/200/300?random=77', 865);
INSERT INTO photo(photo_url, post_id) VALUES ('https://picsum.photos/200/300?random=61', 866);
INSERT INTO photo(photo_url, post_id) VALUES ('https://picsum.photos/200/300?random=996', 867);
INSERT INTO photo(photo_url, post_id) VALUES ('https://picsum.photos/200/300?random=296', 868);
INSERT INTO photo(photo_url, post_id) VALUES ('https://picsum.photos/200/300?random=987', 869);
INSERT INTO photo(photo_url, post_id) VALUES ('https://picsum.photos/200/300?random=374', 870);
INSERT INTO photo(photo_url, post_id) VALUES ('https://picsum.photos/200/300?random=368', 871);
INSERT INTO photo(photo_url, post_id) VALUES ('https://picsum.photos/200/300?random=180', 872);
INSERT INTO photo(photo_url, post_id) VALUES ('https://picsum.photos/200/300?random=35', 873);
INSERT INTO photo(photo_url, post_id) VALUES ('https://picsum.photos/200/300?random=455', 874);
INSERT INTO photo(photo_url, post_id) VALUES ('https://picsum.photos/200/300?random=643', 875);
INSERT INTO photo(photo_url, post_id) VALUES ('https://picsum.photos/200/300?random=465', 876);
INSERT INTO photo(photo_url, post_id) VALUES ('https://picsum.photos/200/300?random=655', 877);
INSERT INTO photo(photo_url, post_id) VALUES ('https://picsum.photos/200/300?random=126', 878);
INSERT INTO photo(photo_url, post_id) VALUES ('https://picsum.photos/200/300?random=986', 879);
INSERT INTO photo(photo_url, post_id) VALUES ('https://picsum.photos/200/300?random=423', 880);
INSERT INTO photo(photo_url, post_id) VALUES ('https://picsum.photos/200/300?random=421', 881);
INSERT INTO photo(photo_url, post_id) VALUES ('https://picsum.photos/200/300?random=6', 882);
INSERT INTO photo(photo_url, post_id) VALUES ('https://picsum.photos/200/300?random=143', 883);
INSERT INTO photo(photo_url, post_id) VALUES ('https://picsum.photos/200/300?random=951', 884);
INSERT INTO photo(photo_url, post_id) VALUES ('https://picsum.photos/200/300?random=548', 885);
INSERT INTO photo(photo_url, post_id) VALUES ('https://picsum.photos/200/300?random=492', 886);
INSERT INTO photo(photo_url, post_id) VALUES ('https://picsum.photos/200/300?random=238', 887);
INSERT INTO photo(photo_url, post_id) VALUES ('https://picsum.photos/200/300?random=825', 888);
INSERT INTO photo(photo_url, post_id) VALUES ('https://picsum.photos/200/300?random=557', 889);
INSERT INTO photo(photo_url, post_id) VALUES ('https://picsum.photos/200/300?random=61', 890);
INSERT INTO photo(photo_url, post_id) VALUES ('https://picsum.photos/200/300?random=997', 891);
INSERT INTO photo(photo_url, post_id) VALUES ('https://picsum.photos/200/300?random=832', 892);
INSERT INTO photo(photo_url, post_id) VALUES ('https://picsum.photos/200/300?random=443', 893);
INSERT INTO photo(photo_url, post_id) VALUES ('https://picsum.photos/200/300?random=792', 894);
INSERT INTO photo(photo_url, post_id) VALUES ('https://picsum.photos/200/300?random=290', 895);
INSERT INTO photo(photo_url, post_id) VALUES ('https://picsum.photos/200/300?random=743', 896);
INSERT INTO photo(photo_url, post_id) VALUES ('https://picsum.photos/200/300?random=419', 897);
INSERT INTO photo(photo_url, post_id) VALUES ('https://picsum.photos/200/300?random=421', 898);
INSERT INTO photo(photo_url, post_id) VALUES ('https://picsum.photos/200/300?random=142', 899);
INSERT INTO photo(photo_url, post_id) VALUES ('https://picsum.photos/200/300?random=381', 900);
INSERT INTO photo(photo_url, post_id) VALUES ('https://picsum.photos/200/300?random=50', 901);
INSERT INTO photo(photo_url, post_id) VALUES ('https://picsum.photos/200/300?random=591', 902);
INSERT INTO photo(photo_url, post_id) VALUES ('https://picsum.photos/200/300?random=5', 903);
INSERT INTO photo(photo_url, post_id) VALUES ('https://picsum.photos/200/300?random=120', 904);
INSERT INTO photo(photo_url, post_id) VALUES ('https://picsum.photos/200/300?random=942', 905);
INSERT INTO photo(photo_url, post_id) VALUES ('https://picsum.photos/200/300?random=192', 906);
INSERT INTO photo(photo_url, post_id) VALUES ('https://picsum.photos/200/300?random=554', 907);
INSERT INTO photo(photo_url, post_id) VALUES ('https://picsum.photos/200/300?random=823', 908);
INSERT INTO photo(photo_url, post_id) VALUES ('https://picsum.photos/200/300?random=204', 909);
INSERT INTO photo(photo_url, post_id) VALUES ('https://picsum.photos/200/300?random=388', 910);
INSERT INTO photo(photo_url, post_id) VALUES ('https://picsum.photos/200/300?random=428', 911);
INSERT INTO photo(photo_url, post_id) VALUES ('https://picsum.photos/200/300?random=855', 912);
INSERT INTO photo(photo_url, post_id) VALUES ('https://picsum.photos/200/300?random=1', 913);
INSERT INTO photo(photo_url, post_id) VALUES ('https://picsum.photos/200/300?random=792', 914);
INSERT INTO photo(photo_url, post_id) VALUES ('https://picsum.photos/200/300?random=922', 915);
INSERT INTO photo(photo_url, post_id) VALUES ('https://picsum.photos/200/300?random=35', 916);
INSERT INTO photo(photo_url, post_id) VALUES ('https://picsum.photos/200/300?random=225', 917);
INSERT INTO photo(photo_url, post_id) VALUES ('https://picsum.photos/200/300?random=590', 918);
INSERT INTO photo(photo_url, post_id) VALUES ('https://picsum.photos/200/300?random=608', 919);
INSERT INTO photo(photo_url, post_id) VALUES ('https://picsum.photos/200/300?random=782', 920);
INSERT INTO photo(photo_url, post_id) VALUES ('https://picsum.photos/200/300?random=256', 921);
INSERT INTO photo(photo_url, post_id) VALUES ('https://picsum.photos/200/300?random=139', 922);
INSERT INTO photo(photo_url, post_id) VALUES ('https://picsum.photos/200/300?random=362', 923);
INSERT INTO photo(photo_url, post_id) VALUES ('https://picsum.photos/200/300?random=425', 924);
INSERT INTO photo(photo_url, post_id) VALUES ('https://picsum.photos/200/300?random=167', 925);
INSERT INTO photo(photo_url, post_id) VALUES ('https://picsum.photos/200/300?random=582', 926);
INSERT INTO photo(photo_url, post_id) VALUES ('https://picsum.photos/200/300?random=434', 927);
INSERT INTO photo(photo_url, post_id) VALUES ('https://picsum.photos/200/300?random=23', 928);
INSERT INTO photo(photo_url, post_id) VALUES ('https://picsum.photos/200/300?random=906', 929);
INSERT INTO photo(photo_url, post_id) VALUES ('https://picsum.photos/200/300?random=643', 930);
INSERT INTO photo(photo_url, post_id) VALUES ('https://picsum.photos/200/300?random=929', 931);
INSERT INTO photo(photo_url, post_id) VALUES ('https://picsum.photos/200/300?random=97', 932);
INSERT INTO photo(photo_url, post_id) VALUES ('https://picsum.photos/200/300?random=504', 933);
INSERT INTO photo(photo_url, post_id) VALUES ('https://picsum.photos/200/300?random=435', 934);
INSERT INTO photo(photo_url, post_id) VALUES ('https://picsum.photos/200/300?random=58', 935);
INSERT INTO photo(photo_url, post_id) VALUES ('https://picsum.photos/200/300?random=285', 936);
INSERT INTO photo(photo_url, post_id) VALUES ('https://picsum.photos/200/300?random=396', 937);
INSERT INTO photo(photo_url, post_id) VALUES ('https://picsum.photos/200/300?random=281', 938);
INSERT INTO photo(photo_url, post_id) VALUES ('https://picsum.photos/200/300?random=155', 939);
INSERT INTO photo(photo_url, post_id) VALUES ('https://picsum.photos/200/300?random=384', 940);
INSERT INTO photo(photo_url, post_id) VALUES ('https://picsum.photos/200/300?random=810', 941);
INSERT INTO photo(photo_url, post_id) VALUES ('https://picsum.photos/200/300?random=78', 942);
INSERT INTO photo(photo_url, post_id) VALUES ('https://picsum.photos/200/300?random=486', 943);
INSERT INTO photo(photo_url, post_id) VALUES ('https://picsum.photos/200/300?random=414', 944);
INSERT INTO photo(photo_url, post_id) VALUES ('https://picsum.photos/200/300?random=541', 945);
INSERT INTO photo(photo_url, post_id) VALUES ('https://picsum.photos/200/300?random=196', 946);
INSERT INTO photo(photo_url, post_id) VALUES ('https://picsum.photos/200/300?random=553', 947);
INSERT INTO photo(photo_url, post_id) VALUES ('https://picsum.photos/200/300?random=423', 948);
INSERT INTO photo(photo_url, post_id) VALUES ('https://picsum.photos/200/300?random=276', 949);
INSERT INTO photo(photo_url, post_id) VALUES ('https://picsum.photos/200/300?random=772', 950);
INSERT INTO photo(photo_url, post_id) VALUES ('https://picsum.photos/200/300?random=602', 951);
INSERT INTO photo(photo_url, post_id) VALUES ('https://picsum.photos/200/300?random=953', 952);
INSERT INTO photo(photo_url, post_id) VALUES ('https://picsum.photos/200/300?random=101', 953);
INSERT INTO photo(photo_url, post_id) VALUES ('https://picsum.photos/200/300?random=173', 954);
INSERT INTO photo(photo_url, post_id) VALUES ('https://picsum.photos/200/300?random=108', 955);
INSERT INTO photo(photo_url, post_id) VALUES ('https://picsum.photos/200/300?random=188', 956);
INSERT INTO photo(photo_url, post_id) VALUES ('https://picsum.photos/200/300?random=813', 957);
INSERT INTO photo(photo_url, post_id) VALUES ('https://picsum.photos/200/300?random=977', 958);
INSERT INTO photo(photo_url, post_id) VALUES ('https://picsum.photos/200/300?random=536', 959);
INSERT INTO photo(photo_url, post_id) VALUES ('https://picsum.photos/200/300?random=697', 960);
INSERT INTO photo(photo_url, post_id) VALUES ('https://picsum.photos/200/300?random=424', 961);
INSERT INTO photo(photo_url, post_id) VALUES ('https://picsum.photos/200/300?random=725', 962);
INSERT INTO photo(photo_url, post_id) VALUES ('https://picsum.photos/200/300?random=876', 963);
INSERT INTO photo(photo_url, post_id) VALUES ('https://picsum.photos/200/300?random=536', 964);
INSERT INTO photo(photo_url, post_id) VALUES ('https://picsum.photos/200/300?random=136', 965);
INSERT INTO photo(photo_url, post_id) VALUES ('https://picsum.photos/200/300?random=638', 966);
INSERT INTO photo(photo_url, post_id) VALUES ('https://picsum.photos/200/300?random=176', 967);
INSERT INTO photo(photo_url, post_id) VALUES ('https://picsum.photos/200/300?random=211', 968);
INSERT INTO photo(photo_url, post_id) VALUES ('https://picsum.photos/200/300?random=512', 969);
INSERT INTO photo(photo_url, post_id) VALUES ('https://picsum.photos/200/300?random=347', 970);
INSERT INTO photo(photo_url, post_id) VALUES ('https://picsum.photos/200/300?random=793', 971);
INSERT INTO photo(photo_url, post_id) VALUES ('https://picsum.photos/200/300?random=627', 972);
INSERT INTO photo(photo_url, post_id) VALUES ('https://picsum.photos/200/300?random=898', 973);
INSERT INTO photo(photo_url, post_id) VALUES ('https://picsum.photos/200/300?random=129', 974);
INSERT INTO photo(photo_url, post_id) VALUES ('https://picsum.photos/200/300?random=162', 975);
INSERT INTO photo(photo_url, post_id) VALUES ('https://picsum.photos/200/300?random=106', 976);
INSERT INTO photo(photo_url, post_id) VALUES ('https://picsum.photos/200/300?random=717', 977);
INSERT INTO photo(photo_url, post_id) VALUES ('https://picsum.photos/200/300?random=199', 978);
INSERT INTO photo(photo_url, post_id) VALUES ('https://picsum.photos/200/300?random=248', 979);
INSERT INTO photo(photo_url, post_id) VALUES ('https://picsum.photos/200/300?random=591', 980);
INSERT INTO photo(photo_url, post_id) VALUES ('https://picsum.photos/200/300?random=112', 981);
INSERT INTO photo(photo_url, post_id) VALUES ('https://picsum.photos/200/300?random=326', 982);
INSERT INTO photo(photo_url, post_id) VALUES ('https://picsum.photos/200/300?random=432', 983);
INSERT INTO photo(photo_url, post_id) VALUES ('https://picsum.photos/200/300?random=500', 984);
INSERT INTO photo(photo_url, post_id) VALUES ('https://picsum.photos/200/300?random=878', 985);
INSERT INTO photo(photo_url, post_id) VALUES ('https://picsum.photos/200/300?random=271', 986);
INSERT INTO photo(photo_url, post_id) VALUES ('https://picsum.photos/200/300?random=104', 987);
INSERT INTO photo(photo_url, post_id) VALUES ('https://picsum.photos/200/300?random=141', 988);
INSERT INTO photo(photo_url, post_id) VALUES ('https://picsum.photos/200/300?random=721', 989);
INSERT INTO photo(photo_url, post_id) VALUES ('https://picsum.photos/200/300?random=616', 990);
INSERT INTO photo(photo_url, post_id) VALUES ('https://picsum.photos/200/300?random=106', 991);
INSERT INTO photo(photo_url, post_id) VALUES ('https://picsum.photos/200/300?random=534', 992);
INSERT INTO photo(photo_url, post_id) VALUES ('https://picsum.photos/200/300?random=34', 993);
INSERT INTO photo(photo_url, post_id) VALUES ('https://picsum.photos/200/300?random=829', 994);
INSERT INTO photo(photo_url, post_id) VALUES ('https://picsum.photos/200/300?random=246', 995);
INSERT INTO photo(photo_url, post_id) VALUES ('https://picsum.photos/200/300?random=598', 996);
INSERT INTO photo(photo_url, post_id) VALUES ('https://picsum.photos/200/300?random=849', 997);
INSERT INTO photo(photo_url, post_id) VALUES ('https://picsum.photos/200/300?random=1', 998);
INSERT INTO photo(photo_url, post_id) VALUES ('https://picsum.photos/200/300?random=671', 999);
INSERT INTO photo(photo_url, post_id) VALUES ('https://picsum.photos/200/300?random=174', 1000);
INSERT INTO follows(followee, follower) VALUES ('jonduffy', 'larsonjohn');
INSERT INTO follows(followee, follower) VALUES ('johnfisher', 'catherinedavis');
INSERT INTO follows(followee, follower) VALUES ('erinjames', 'mjohnson');
INSERT INTO follows(followee, follower) VALUES ('richard77', 'jonduffy');
INSERT INTO follows(followee, follower) VALUES ('cfitzgerald', 'christopher63');
INSERT INTO follows(followee, follower) VALUES ('hernandezlucas', 'betty97');
INSERT INTO follows(followee, follower) VALUES ('angelataylor', 'jose80');
INSERT INTO follows(followee, follower) VALUES ('gabrielhernandez', 'hernandezlucas');
INSERT INTO follows(followee, follower) VALUES ('johnfisher', 'sloanapril');
INSERT INTO follows(followee, follower) VALUES ('eric23', 'phillip26');
INSERT INTO follows(followee, follower) VALUES ('andrewramos', 'emily06');
INSERT INTO follows(followee, follower) VALUES ('evansjennifer', 'robertserrano');
INSERT INTO follows(followee, follower) VALUES ('harry71', 'johnfisher');
INSERT INTO follows(followee, follower) VALUES ('tiffany02', 'samantharichardson');
INSERT INTO follows(followee, follower) VALUES ('antoniopowers', 'sarahgonzalez');
INSERT INTO follows(followee, follower) VALUES ('seanhuffman', 'kellyadams');
INSERT INTO follows(followee, follower) VALUES ('harry71', 'andrewramos');
INSERT INTO follows(followee, follower) VALUES ('lambertwanda', 'catherinedavis');
INSERT INTO follows(followee, follower) VALUES ('avilajohn', 'coxbrian');
INSERT INTO follows(followee, follower) VALUES ('fulleramanda', 'fpena');
INSERT INTO follows(followee, follower) VALUES ('adodson', 'jose80');
INSERT INTO follows(followee, follower) VALUES ('sarahgonzalez', 'jennifer75');
INSERT INTO follows(followee, follower) VALUES ('hernandezlucas', 'evansjennifer');
INSERT INTO follows(followee, follower) VALUES ('kellyadams', 'dglover');
INSERT INTO follows(followee, follower) VALUES ('dglover', 'debbie40');
INSERT INTO follows(followee, follower) VALUES ('lhampton', 'hevans');
INSERT INTO follows(followee, follower) VALUES ('leewendy', 'nicoledoyle');
INSERT INTO follows(followee, follower) VALUES ('franklintaylor', 'erinjames');
INSERT INTO follows(followee, follower) VALUES ('stewartchristina', 'pcuevas');
INSERT INTO follows(followee, follower) VALUES ('courtneymaldonado', 'klewis');
INSERT INTO follows(followee, follower) VALUES ('carol66', 'seanhuffman');
INSERT INTO follows(followee, follower) VALUES ('smithpenny', 'johnsonkathleen');
INSERT INTO follows(followee, follower) VALUES ('angelataylor', 'stephanie87');
INSERT INTO follows(followee, follower) VALUES ('smithpenny', 'harry71');
INSERT INTO follows(followee, follower) VALUES ('johnortiz', 'jacqueline68');
INSERT INTO follows(followee, follower) VALUES ('dhall', 'jgreen');
INSERT INTO follows(followee, follower) VALUES ('sarah59', 'joseph72');
INSERT INTO follows(followee, follower) VALUES ('jgreen', 'seanhuffman');
INSERT INTO follows(followee, follower) VALUES ('mjohnson', 'lesliewoodward');
INSERT INTO follows(followee, follower) VALUES ('ericporter', 'david43');
INSERT INTO follows(followee, follower) VALUES ('gabrielhernandez', 'mahoneytracey');
INSERT INTO follows(followee, follower) VALUES ('tiffany02', 'leewendy');
INSERT INTO follows(followee, follower) VALUES ('erinjames', 'tiffany02');
INSERT INTO follows(followee, follower) VALUES ('dglover', 'seanburke');
INSERT INTO follows(followee, follower) VALUES ('diamondperez', 'johnfisher');
INSERT INTO follows(followee, follower) VALUES ('joseph72', 'daltonnoble');
INSERT INTO follows(followee, follower) VALUES ('shelby84', 'harry71');
INSERT INTO follows(followee, follower) VALUES ('fpena', 'ericporter');
INSERT INTO follows(followee, follower) VALUES ('barberkrista', 'sloanapril');
INSERT INTO follows(followee, follower) VALUES ('klewis', 'catherinedavis');
INSERT INTO tag(tag_name) VALUES ('spicy');
INSERT INTO tag(tag_name) VALUES ('vegan');
INSERT INTO tag(tag_name) VALUES ('vegetarian');
INSERT INTO tag(tag_name) VALUES ('gluten-free');
INSERT INTO tag(tag_name) VALUES ('organic');
INSERT INTO tag(tag_name) VALUES ('non-GMO');
INSERT INTO tag(tag_name) VALUES ('dairy-free');
INSERT INTO tag(tag_name) VALUES ('nut-free');
INSERT INTO tag(tag_name) VALUES ('low-calorie');
INSERT INTO tag(tag_name) VALUES ('keto');
INSERT INTO tag(tag_name) VALUES ('paleo');
INSERT INTO tag(tag_name) VALUES ('whole30');
INSERT INTO tag(tag_name) VALUES ('halal');
INSERT INTO tag(tag_name) VALUES ('kosher');
INSERT INTO tag(tag_name) VALUES ('sugar-free');
INSERT INTO tag(tag_name) VALUES ('raw');
INSERT INTO tag(tag_name) VALUES ('low-carb');
INSERT INTO tag(tag_name) VALUES ('high-protein');
INSERT INTO tag(tag_name) VALUES ('low-fat');
INSERT INTO tag(tag_name) VALUES ('heart-healthy');
INSERT INTO ingredient(ingredient_name) VALUES ('salt');
INSERT INTO ingredient(ingredient_name) VALUES ('black pepper');
INSERT INTO ingredient(ingredient_name) VALUES ('cooking oil');
INSERT INTO ingredient(ingredient_name) VALUES ('rice');
INSERT INTO ingredient(ingredient_name) VALUES ('sugar');
INSERT INTO ingredient(ingredient_name) VALUES ('all-purpose flour');
INSERT INTO ingredient(ingredient_name) VALUES ('stock cubes');
INSERT INTO ingredient(ingredient_name) VALUES ('pasta');
INSERT INTO ingredient(ingredient_name) VALUES ('couscous');
INSERT INTO ingredient(ingredient_name) VALUES ('panko bread crumbs');
INSERT INTO ingredient(ingredient_name) VALUES ('baking powder');
INSERT INTO ingredient(ingredient_name) VALUES ('active dry yeast');
INSERT INTO ingredient(ingredient_name) VALUES ('milk');
INSERT INTO ingredient(ingredient_name) VALUES ('butter');
INSERT INTO ingredient(ingredient_name) VALUES ('heavy cream');
INSERT INTO ingredient(ingredient_name) VALUES ('eggs');
INSERT INTO ingredient(ingredient_name) VALUES ('parmesan');
INSERT INTO ingredient(ingredient_name) VALUES ('bacon');
INSERT INTO ingredient(ingredient_name) VALUES ('parsley');
INSERT INTO ingredient(ingredient_name) VALUES ('celery');
INSERT INTO ingredient(ingredient_name) VALUES ('carrots');
INSERT INTO ingredient(ingredient_name) VALUES ('lemons');
INSERT INTO ingredient(ingredient_name) VALUES ('limes');
INSERT INTO ingredient(ingredient_name) VALUES ('orange juice');
INSERT INTO ingredient(ingredient_name) VALUES ('ketchup');
INSERT INTO ingredient(ingredient_name) VALUES ('mayonnaise');
INSERT INTO ingredient(ingredient_name) VALUES ('extra virgin olive oil');
INSERT INTO ingredient(ingredient_name) VALUES ('vinegar');
INSERT INTO ingredient(ingredient_name) VALUES ('mustard');
INSERT INTO ingredient(ingredient_name) VALUES ('honey');
INSERT INTO ingredient(ingredient_name) VALUES ('garlic');
INSERT INTO ingredient(ingredient_name) VALUES ('shallots');
INSERT INTO ingredient(ingredient_name) VALUES ('potatoes');
INSERT INTO ingredient(ingredient_name) VALUES ('onions');
INSERT INTO ingredient(ingredient_name) VALUES ('tomatoes');
INSERT INTO ingredient(ingredient_name) VALUES ('diced tomatoes');
INSERT INTO ingredient(ingredient_name) VALUES ('tomato sauce');
INSERT INTO ingredient(ingredient_name) VALUES ('tomato paste');
INSERT INTO ingredient(ingredient_name) VALUES ('crushed tomatoes');
INSERT INTO ingredient(ingredient_name) VALUES ('beans');
INSERT INTO ingredient(ingredient_name) VALUES ('red chili flakes');
INSERT INTO ingredient(ingredient_name) VALUES ('coriander');
INSERT INTO ingredient(ingredient_name) VALUES ('fennel seeds');
INSERT INTO ingredient(ingredient_name) VALUES ('paprika');
INSERT INTO ingredient(ingredient_name) VALUES ('oregano');
INSERT INTO ingredient(ingredient_name) VALUES ('turmeric');
INSERT INTO ingredient(ingredient_name) VALUES ('whole nutmeg');
INSERT INTO ingredient(ingredient_name) VALUES ('bay leaves');
INSERT INTO ingredient(ingredient_name) VALUES ('cayenne pepper');
INSERT INTO ingredient(ingredient_name) VALUES ('thyme');
INSERT INTO ingredient(ingredient_name) VALUES ('cinnamon');
INSERT INTO rate(post_id, user_id, value) VALUES (709, 'jgarcia', 8);
INSERT INTO user_likes(post_id, user_id) VALUES (709, 'jgarcia');
INSERT INTO bookmark(post_id, user_id) VALUES (709, 'jgarcia');
INSERT INTO comment(date, user_id, textual_content, post_id) VALUES ('2024-05-08 10:11:33', 'jgarcia', 'Education cover democratic method.', 709);
INSERT INTO has_tag(post_id, tag_name) VALUES (709, 'spicy');
INSERT INTO contains_ingredient(ingredient_name, post_id, quantity, unit) VALUES ('vinegar', 709, 98, 'L');
INSERT INTO rate(post_id, user_id, value) VALUES (766, 'kellyadams', 5);
INSERT INTO user_likes(post_id, user_id) VALUES (766, 'kellyadams');
INSERT INTO bookmark(post_id, user_id) VALUES (766, 'kellyadams');
INSERT INTO comment(date, user_id, textual_content, post_id) VALUES ('2024-05-03 20:58:08', 'kellyadams', 'Thank.', 766);
INSERT INTO has_tag(post_id, tag_name) VALUES (766, 'keto');
INSERT INTO contains_ingredient(ingredient_name, post_id, quantity, unit) VALUES ('bacon', 766, 63, 'kg');
INSERT INTO rate(post_id, user_id, value) VALUES (231, 'lambertwanda', 6);
INSERT INTO user_likes(post_id, user_id) VALUES (231, 'lambertwanda');
INSERT INTO bookmark(post_id, user_id) VALUES (231, 'lambertwanda');
INSERT INTO comment(date, user_id, textual_content, post_id) VALUES ('2024-05-06 05:35:07', 'lambertwanda', 'My public two.', 231);
INSERT INTO has_tag(post_id, tag_name) VALUES (231, 'sugar-free');
INSERT INTO contains_ingredient(ingredient_name, post_id, quantity, unit) VALUES ('cooking oil', 231, 81, 'qty');
INSERT INTO rate(post_id, user_id, value) VALUES (987, 'wilsonmarie', 5);
INSERT INTO user_likes(post_id, user_id) VALUES (987, 'wilsonmarie');
INSERT INTO bookmark(post_id, user_id) VALUES (987, 'wilsonmarie');
INSERT INTO comment(date, user_id, textual_content, post_id) VALUES ('2024-05-02 12:09:45', 'wilsonmarie', 'Father world recent best.', 987);
INSERT INTO has_tag(post_id, tag_name) VALUES (987, 'vegetarian');
INSERT INTO contains_ingredient(ingredient_name, post_id, quantity, unit) VALUES ('parsley', 987, 23, 'L');
INSERT INTO rate(post_id, user_id, value) VALUES (952, 'johnfisher', 10);
INSERT INTO user_likes(post_id, user_id) VALUES (952, 'johnfisher');
INSERT INTO bookmark(post_id, user_id) VALUES (952, 'johnfisher');
INSERT INTO comment(date, user_id, textual_content, post_id) VALUES ('2024-05-01 14:15:36', 'johnfisher', 'Approach free movement.', 952);
INSERT INTO has_tag(post_id, tag_name) VALUES (952, 'low-carb');
INSERT INTO contains_ingredient(ingredient_name, post_id, quantity, unit) VALUES ('stock cubes', 952, 55, 'L');
INSERT INTO rate(post_id, user_id, value) VALUES (891, 'gabrielhernandez', 3);
INSERT INTO user_likes(post_id, user_id) VALUES (891, 'gabrielhernandez');
INSERT INTO bookmark(post_id, user_id) VALUES (891, 'gabrielhernandez');
INSERT INTO comment(date, user_id, textual_content, post_id) VALUES ('2024-05-06 03:17:29', 'gabrielhernandez', 'Executive hotel.', 891);
INSERT INTO has_tag(post_id, tag_name) VALUES (891, 'whole30');
INSERT INTO contains_ingredient(ingredient_name, post_id, quantity, unit) VALUES ('salt', 891, 3, 'qty');
INSERT INTO rate(post_id, user_id, value) VALUES (526, 'brandonchang', 3);
INSERT INTO user_likes(post_id, user_id) VALUES (526, 'brandonchang');
INSERT INTO bookmark(post_id, user_id) VALUES (526, 'brandonchang');
INSERT INTO comment(date, user_id, textual_content, post_id) VALUES ('2024-05-02 14:39:24', 'brandonchang', 'Skin.', 526);
INSERT INTO has_tag(post_id, tag_name) VALUES (526, 'whole30');
INSERT INTO contains_ingredient(ingredient_name, post_id, quantity, unit) VALUES ('garlic', 526, 10, 'g');
INSERT INTO rate(post_id, user_id, value) VALUES (884, 'michellesandoval', 8);
INSERT INTO user_likes(post_id, user_id) VALUES (884, 'michellesandoval');
INSERT INTO bookmark(post_id, user_id) VALUES (884, 'michellesandoval');
INSERT INTO comment(date, user_id, textual_content, post_id) VALUES ('2024-05-05 11:35:07', 'michellesandoval', 'Station win.', 884);
INSERT INTO has_tag(post_id, tag_name) VALUES (884, 'dairy-free');
INSERT INTO contains_ingredient(ingredient_name, post_id, quantity, unit) VALUES ('salt', 884, 7, 'qty');
INSERT INTO rate(post_id, user_id, value) VALUES (877, 'eric23', 4);
INSERT INTO user_likes(post_id, user_id) VALUES (877, 'eric23');
INSERT INTO bookmark(post_id, user_id) VALUES (877, 'eric23');
INSERT INTO comment(date, user_id, textual_content, post_id) VALUES ('2024-05-01 20:53:39', 'eric23', 'Someone practice now.', 877);
INSERT INTO has_tag(post_id, tag_name) VALUES (877, 'keto');
INSERT INTO contains_ingredient(ingredient_name, post_id, quantity, unit) VALUES ('celery', 877, 84, 'mL');
INSERT INTO rate(post_id, user_id, value) VALUES (281, 'hevans', 1);
INSERT INTO user_likes(post_id, user_id) VALUES (281, 'hevans');
INSERT INTO bookmark(post_id, user_id) VALUES (281, 'hevans');
INSERT INTO comment(date, user_id, textual_content, post_id) VALUES ('2024-05-09 10:11:50', 'hevans', 'Thought take decade.', 281);
INSERT INTO has_tag(post_id, tag_name) VALUES (281, 'vegetarian');
INSERT INTO contains_ingredient(ingredient_name, post_id, quantity, unit) VALUES ('lemons', 281, 25, 'mL');
INSERT INTO rate(post_id, user_id, value) VALUES (248, 'coxbrian', 3);
INSERT INTO user_likes(post_id, user_id) VALUES (248, 'coxbrian');
INSERT INTO bookmark(post_id, user_id) VALUES (248, 'coxbrian');
INSERT INTO comment(date, user_id, textual_content, post_id) VALUES ('2024-05-08 23:43:58', 'coxbrian', 'Next sure.', 248);
INSERT INTO has_tag(post_id, tag_name) VALUES (248, 'vegan');
INSERT INTO contains_ingredient(ingredient_name, post_id, quantity, unit) VALUES ('carrots', 248, 91, 'L');
INSERT INTO rate(post_id, user_id, value) VALUES (184, 'david43', 3);
INSERT INTO user_likes(post_id, user_id) VALUES (184, 'david43');
INSERT INTO bookmark(post_id, user_id) VALUES (184, 'david43');
INSERT INTO comment(date, user_id, textual_content, post_id) VALUES ('2024-05-09 17:31:00', 'david43', 'Will everyone law.', 184);
INSERT INTO has_tag(post_id, tag_name) VALUES (184, 'low-fat');
INSERT INTO contains_ingredient(ingredient_name, post_id, quantity, unit) VALUES ('baking powder', 184, 10, 'qty');
INSERT INTO rate(post_id, user_id, value) VALUES (70, 'franklintaylor', 10);
INSERT INTO user_likes(post_id, user_id) VALUES (70, 'franklintaylor');
INSERT INTO bookmark(post_id, user_id) VALUES (70, 'franklintaylor');
INSERT INTO comment(date, user_id, textual_content, post_id) VALUES ('2024-05-07 20:47:49', 'franklintaylor', 'Way finally.', 70);
INSERT INTO has_tag(post_id, tag_name) VALUES (70, 'dairy-free');
INSERT INTO contains_ingredient(ingredient_name, post_id, quantity, unit) VALUES ('stock cubes', 70, 94, 'L');
INSERT INTO rate(post_id, user_id, value) VALUES (222, 'johnortiz', 4);
INSERT INTO user_likes(post_id, user_id) VALUES (222, 'johnortiz');
INSERT INTO bookmark(post_id, user_id) VALUES (222, 'johnortiz');
INSERT INTO comment(date, user_id, textual_content, post_id) VALUES ('2024-05-02 04:59:06', 'johnortiz', 'Region.', 222);
INSERT INTO has_tag(post_id, tag_name) VALUES (222, 'gluten-free');
INSERT INTO contains_ingredient(ingredient_name, post_id, quantity, unit) VALUES ('stock cubes', 222, 95, 'kg');
INSERT INTO rate(post_id, user_id, value) VALUES (109, 'daltonamy', 4);
INSERT INTO user_likes(post_id, user_id) VALUES (109, 'daltonamy');
INSERT INTO bookmark(post_id, user_id) VALUES (109, 'daltonamy');
INSERT INTO comment(date, user_id, textual_content, post_id) VALUES ('2024-05-01 08:01:09', 'daltonamy', 'Dream event.', 109);
INSERT INTO has_tag(post_id, tag_name) VALUES (109, 'dairy-free');
INSERT INTO contains_ingredient(ingredient_name, post_id, quantity, unit) VALUES ('shallots', 109, 34, 'L');
INSERT INTO rate(post_id, user_id, value) VALUES (567, 'evansjennifer', 1);
INSERT INTO user_likes(post_id, user_id) VALUES (567, 'evansjennifer');
INSERT INTO bookmark(post_id, user_id) VALUES (567, 'evansjennifer');
INSERT INTO comment(date, user_id, textual_content, post_id) VALUES ('2024-05-08 04:32:09', 'evansjennifer', 'Movie wonder raise.', 567);
INSERT INTO has_tag(post_id, tag_name) VALUES (567, 'paleo');
INSERT INTO contains_ingredient(ingredient_name, post_id, quantity, unit) VALUES ('baking powder', 567, 54, 'g');
INSERT INTO rate(post_id, user_id, value) VALUES (503, 'josephgonzalez', 1);
INSERT INTO user_likes(post_id, user_id) VALUES (503, 'josephgonzalez');
INSERT INTO bookmark(post_id, user_id) VALUES (503, 'josephgonzalez');
INSERT INTO comment(date, user_id, textual_content, post_id) VALUES ('2024-05-07 13:36:50', 'josephgonzalez', 'Identify style physical.', 503);
INSERT INTO has_tag(post_id, tag_name) VALUES (503, 'low-fat');
INSERT INTO contains_ingredient(ingredient_name, post_id, quantity, unit) VALUES ('mustard', 503, 1, 'L');
INSERT INTO rate(post_id, user_id, value) VALUES (958, 'catherinedavis', 9);
INSERT INTO user_likes(post_id, user_id) VALUES (958, 'catherinedavis');
INSERT INTO bookmark(post_id, user_id) VALUES (958, 'catherinedavis');
INSERT INTO comment(date, user_id, textual_content, post_id) VALUES ('2024-05-07 10:40:42', 'catherinedavis', 'Argue long.', 958);
INSERT INTO has_tag(post_id, tag_name) VALUES (958, 'raw');
INSERT INTO contains_ingredient(ingredient_name, post_id, quantity, unit) VALUES ('vinegar', 958, 58, 'kg');
INSERT INTO rate(post_id, user_id, value) VALUES (258, 'xmendez', 6);
INSERT INTO user_likes(post_id, user_id) VALUES (258, 'xmendez');
INSERT INTO bookmark(post_id, user_id) VALUES (258, 'xmendez');
INSERT INTO comment(date, user_id, textual_content, post_id) VALUES ('2024-05-04 04:33:06', 'xmendez', 'Since treat group.', 258);
INSERT INTO has_tag(post_id, tag_name) VALUES (258, 'whole30');
INSERT INTO contains_ingredient(ingredient_name, post_id, quantity, unit) VALUES ('lemons', 258, 37, 'mL');
INSERT INTO rate(post_id, user_id, value) VALUES (25, 'wlopez', 10);
INSERT INTO user_likes(post_id, user_id) VALUES (25, 'wlopez');
INSERT INTO bookmark(post_id, user_id) VALUES (25, 'wlopez');
INSERT INTO comment(date, user_id, textual_content, post_id) VALUES ('2024-05-01 05:35:27', 'wlopez', 'Force moment traditional.', 25);
INSERT INTO has_tag(post_id, tag_name) VALUES (25, 'heart-healthy');
INSERT INTO contains_ingredient(ingredient_name, post_id, quantity, unit) VALUES ('tomatoes', 25, 51, 'qty');
INSERT INTO rate(post_id, user_id, value) VALUES (943, 'samantharichardson', 7);
INSERT INTO user_likes(post_id, user_id) VALUES (943, 'samantharichardson');
INSERT INTO bookmark(post_id, user_id) VALUES (943, 'samantharichardson');
INSERT INTO comment(date, user_id, textual_content, post_id) VALUES ('2024-05-08 03:12:35', 'samantharichardson', 'Across task available.', 943);
INSERT INTO has_tag(post_id, tag_name) VALUES (943, 'non-GMO');
INSERT INTO contains_ingredient(ingredient_name, post_id, quantity, unit) VALUES ('sugar', 943, 19, 'L');
INSERT INTO rate(post_id, user_id, value) VALUES (956, 'mjohnson', 2);
INSERT INTO user_likes(post_id, user_id) VALUES (956, 'mjohnson');
INSERT INTO bookmark(post_id, user_id) VALUES (956, 'mjohnson');
INSERT INTO comment(date, user_id, textual_content, post_id) VALUES ('2024-05-02 22:17:22', 'mjohnson', 'Order what author.', 956);
INSERT INTO has_tag(post_id, tag_name) VALUES (956, 'nut-free');
INSERT INTO contains_ingredient(ingredient_name, post_id, quantity, unit) VALUES ('garlic', 956, 81, 'g');
INSERT INTO rate(post_id, user_id, value) VALUES (47, 'david43', 6);
INSERT INTO user_likes(post_id, user_id) VALUES (47, 'david43');
INSERT INTO bookmark(post_id, user_id) VALUES (47, 'david43');
INSERT INTO comment(date, user_id, textual_content, post_id) VALUES ('2024-05-07 14:47:36', 'david43', 'Value teacher save expert.', 47);
INSERT INTO has_tag(post_id, tag_name) VALUES (47, 'raw');
INSERT INTO contains_ingredient(ingredient_name, post_id, quantity, unit) VALUES ('parsley', 47, 58, 'L');
INSERT INTO rate(post_id, user_id, value) VALUES (503, 'lisacurry', 4);
INSERT INTO user_likes(post_id, user_id) VALUES (503, 'lisacurry');
INSERT INTO bookmark(post_id, user_id) VALUES (503, 'lisacurry');
INSERT INTO comment(date, user_id, textual_content, post_id) VALUES ('2024-05-02 12:06:20', 'lisacurry', 'Many sport.', 503);
INSERT INTO has_tag(post_id, tag_name) VALUES (503, 'nut-free');
INSERT INTO contains_ingredient(ingredient_name, post_id, quantity, unit) VALUES ('potatoes', 503, 87, 'L');
INSERT INTO rate(post_id, user_id, value) VALUES (498, 'lisacurry', 10);
INSERT INTO user_likes(post_id, user_id) VALUES (498, 'lisacurry');
INSERT INTO bookmark(post_id, user_id) VALUES (498, 'lisacurry');
INSERT INTO comment(date, user_id, textual_content, post_id) VALUES ('2024-05-07 06:26:52', 'lisacurry', 'Throughout on.', 498);
INSERT INTO has_tag(post_id, tag_name) VALUES (498, 'vegetarian');
INSERT INTO contains_ingredient(ingredient_name, post_id, quantity, unit) VALUES ('red chili flakes', 498, 33, 'g');
INSERT INTO rate(post_id, user_id, value) VALUES (765, 'phillip26', 7);
INSERT INTO user_likes(post_id, user_id) VALUES (765, 'phillip26');
INSERT INTO bookmark(post_id, user_id) VALUES (765, 'phillip26');
INSERT INTO comment(date, user_id, textual_content, post_id) VALUES ('2024-05-04 06:56:32', 'phillip26', 'Right song.', 765);
INSERT INTO has_tag(post_id, tag_name) VALUES (765, 'halal');
INSERT INTO contains_ingredient(ingredient_name, post_id, quantity, unit) VALUES ('panko bread crumbs', 765, 57, 'qty');
INSERT INTO rate(post_id, user_id, value) VALUES (859, 'nicoledoyle', 6);
INSERT INTO user_likes(post_id, user_id) VALUES (859, 'nicoledoyle');
INSERT INTO bookmark(post_id, user_id) VALUES (859, 'nicoledoyle');
INSERT INTO comment(date, user_id, textual_content, post_id) VALUES ('2024-05-06 14:43:28', 'nicoledoyle', 'Source control production.', 859);
INSERT INTO has_tag(post_id, tag_name) VALUES (859, 'low-carb');
INSERT INTO contains_ingredient(ingredient_name, post_id, quantity, unit) VALUES ('coriander', 859, 25, 'qty');
INSERT INTO rate(post_id, user_id, value) VALUES (930, 'gabrielhernandez', 1);
INSERT INTO user_likes(post_id, user_id) VALUES (930, 'gabrielhernandez');
INSERT INTO bookmark(post_id, user_id) VALUES (930, 'gabrielhernandez');
INSERT INTO comment(date, user_id, textual_content, post_id) VALUES ('2024-05-04 19:50:26', 'gabrielhernandez', 'During million property.', 930);
INSERT INTO has_tag(post_id, tag_name) VALUES (930, 'paleo');
INSERT INTO contains_ingredient(ingredient_name, post_id, quantity, unit) VALUES ('coriander', 930, 13, 'qty');
INSERT INTO rate(post_id, user_id, value) VALUES (429, 'harry71', 7);
INSERT INTO user_likes(post_id, user_id) VALUES (429, 'harry71');
INSERT INTO bookmark(post_id, user_id) VALUES (429, 'harry71');
INSERT INTO comment(date, user_id, textual_content, post_id) VALUES ('2024-05-08 08:01:02', 'harry71', 'Last American American.', 429);
INSERT INTO has_tag(post_id, tag_name) VALUES (429, 'non-GMO');
INSERT INTO contains_ingredient(ingredient_name, post_id, quantity, unit) VALUES ('crushed tomatoes', 429, 92, 'qty');
INSERT INTO rate(post_id, user_id, value) VALUES (546, 'jimenezjohn', 10);
INSERT INTO user_likes(post_id, user_id) VALUES (546, 'jimenezjohn');
INSERT INTO bookmark(post_id, user_id) VALUES (546, 'jimenezjohn');
INSERT INTO comment(date, user_id, textual_content, post_id) VALUES ('2024-05-01 01:37:46', 'jimenezjohn', 'According challenge radio.', 546);
INSERT INTO has_tag(post_id, tag_name) VALUES (546, 'nut-free');
INSERT INTO contains_ingredient(ingredient_name, post_id, quantity, unit) VALUES ('limes', 546, 52, 'g');
INSERT INTO rate(post_id, user_id, value) VALUES (17, 'kingdawn', 8);
INSERT INTO user_likes(post_id, user_id) VALUES (17, 'kingdawn');
INSERT INTO bookmark(post_id, user_id) VALUES (17, 'kingdawn');
INSERT INTO comment(date, user_id, textual_content, post_id) VALUES ('2024-05-02 13:46:50', 'kingdawn', 'Source certain.', 17);
INSERT INTO has_tag(post_id, tag_name) VALUES (17, 'low-carb');
INSERT INTO contains_ingredient(ingredient_name, post_id, quantity, unit) VALUES ('stock cubes', 17, 62, 'kg');
INSERT INTO rate(post_id, user_id, value) VALUES (411, 'smithpenny', 9);
INSERT INTO user_likes(post_id, user_id) VALUES (411, 'smithpenny');
INSERT INTO bookmark(post_id, user_id) VALUES (411, 'smithpenny');
INSERT INTO comment(date, user_id, textual_content, post_id) VALUES ('2024-05-07 02:38:22', 'smithpenny', 'Certain speak describe.', 411);
INSERT INTO has_tag(post_id, tag_name) VALUES (411, 'sugar-free');
INSERT INTO contains_ingredient(ingredient_name, post_id, quantity, unit) VALUES ('parsley', 411, 49, 'mL');
INSERT INTO rate(post_id, user_id, value) VALUES (754, 'kingdawn', 2);
INSERT INTO user_likes(post_id, user_id) VALUES (754, 'kingdawn');
INSERT INTO bookmark(post_id, user_id) VALUES (754, 'kingdawn');
INSERT INTO comment(date, user_id, textual_content, post_id) VALUES ('2024-05-04 22:43:23', 'kingdawn', 'Something born kind.', 754);
INSERT INTO has_tag(post_id, tag_name) VALUES (754, 'organic');
INSERT INTO contains_ingredient(ingredient_name, post_id, quantity, unit) VALUES ('carrots', 754, 91, 'L');
INSERT INTO rate(post_id, user_id, value) VALUES (767, 'nicoledoyle', 3);
INSERT INTO user_likes(post_id, user_id) VALUES (767, 'nicoledoyle');
INSERT INTO bookmark(post_id, user_id) VALUES (767, 'nicoledoyle');
INSERT INTO comment(date, user_id, textual_content, post_id) VALUES ('2024-05-08 22:49:52', 'nicoledoyle', 'I site local.', 767);
INSERT INTO has_tag(post_id, tag_name) VALUES (767, 'low-calorie');
INSERT INTO contains_ingredient(ingredient_name, post_id, quantity, unit) VALUES ('turmeric', 767, 10, 'mL');
INSERT INTO rate(post_id, user_id, value) VALUES (629, 'franklintaylor', 6);
INSERT INTO user_likes(post_id, user_id) VALUES (629, 'franklintaylor');
INSERT INTO bookmark(post_id, user_id) VALUES (629, 'franklintaylor');
INSERT INTO comment(date, user_id, textual_content, post_id) VALUES ('2024-05-01 07:23:06', 'franklintaylor', 'Travel western blood.', 629);
INSERT INTO has_tag(post_id, tag_name) VALUES (629, 'low-carb');
INSERT INTO contains_ingredient(ingredient_name, post_id, quantity, unit) VALUES ('ketchup', 629, 94, 'mL');
INSERT INTO rate(post_id, user_id, value) VALUES (977, 'robert91', 3);
INSERT INTO user_likes(post_id, user_id) VALUES (977, 'robert91');
INSERT INTO bookmark(post_id, user_id) VALUES (977, 'robert91');
INSERT INTO comment(date, user_id, textual_content, post_id) VALUES ('2024-05-09 20:54:23', 'robert91', 'Young size.', 977);
INSERT INTO has_tag(post_id, tag_name) VALUES (977, 'dairy-free');
INSERT INTO contains_ingredient(ingredient_name, post_id, quantity, unit) VALUES ('bay leaves', 977, 62, 'kg');
INSERT INTO rate(post_id, user_id, value) VALUES (267, 'mitchell02', 9);
INSERT INTO user_likes(post_id, user_id) VALUES (267, 'mitchell02');
INSERT INTO bookmark(post_id, user_id) VALUES (267, 'mitchell02');
INSERT INTO comment(date, user_id, textual_content, post_id) VALUES ('2024-05-01 09:24:21', 'mitchell02', 'Better measure.', 267);
INSERT INTO has_tag(post_id, tag_name) VALUES (267, 'low-fat');
INSERT INTO contains_ingredient(ingredient_name, post_id, quantity, unit) VALUES ('cayenne pepper', 267, 55, 'kg');
INSERT INTO rate(post_id, user_id, value) VALUES (828, 'stephanie87', 2);
INSERT INTO user_likes(post_id, user_id) VALUES (828, 'stephanie87');
INSERT INTO bookmark(post_id, user_id) VALUES (828, 'stephanie87');
INSERT INTO comment(date, user_id, textual_content, post_id) VALUES ('2024-05-08 07:43:12', 'stephanie87', 'Reflect push.', 828);
INSERT INTO has_tag(post_id, tag_name) VALUES (828, 'halal');
INSERT INTO contains_ingredient(ingredient_name, post_id, quantity, unit) VALUES ('mustard', 828, 90, 'g');
INSERT INTO rate(post_id, user_id, value) VALUES (110, 'fulleramanda', 7);
INSERT INTO user_likes(post_id, user_id) VALUES (110, 'fulleramanda');
INSERT INTO bookmark(post_id, user_id) VALUES (110, 'fulleramanda');
INSERT INTO comment(date, user_id, textual_content, post_id) VALUES ('2024-05-02 14:26:49', 'fulleramanda', 'Police water the.', 110);
INSERT INTO has_tag(post_id, tag_name) VALUES (110, 'low-fat');
INSERT INTO contains_ingredient(ingredient_name, post_id, quantity, unit) VALUES ('shallots', 110, 61, 'L');
INSERT INTO rate(post_id, user_id, value) VALUES (784, 'coxbrian', 7);
INSERT INTO user_likes(post_id, user_id) VALUES (784, 'coxbrian');
INSERT INTO bookmark(post_id, user_id) VALUES (784, 'coxbrian');
INSERT INTO comment(date, user_id, textual_content, post_id) VALUES ('2024-05-01 15:54:45', 'coxbrian', 'Nothing like.', 784);
INSERT INTO has_tag(post_id, tag_name) VALUES (784, 'high-protein');
INSERT INTO contains_ingredient(ingredient_name, post_id, quantity, unit) VALUES ('oregano', 784, 87, 'g');
INSERT INTO rate(post_id, user_id, value) VALUES (914, 'tiffany02', 3);
INSERT INTO user_likes(post_id, user_id) VALUES (914, 'tiffany02');
INSERT INTO bookmark(post_id, user_id) VALUES (914, 'tiffany02');
INSERT INTO comment(date, user_id, textual_content, post_id) VALUES ('2024-05-06 08:32:28', 'tiffany02', 'Upon reach.', 914);
INSERT INTO has_tag(post_id, tag_name) VALUES (914, 'vegetarian');
INSERT INTO contains_ingredient(ingredient_name, post_id, quantity, unit) VALUES ('black pepper', 914, 81, 'mL');
INSERT INTO rate(post_id, user_id, value) VALUES (853, 'robert91', 3);
INSERT INTO user_likes(post_id, user_id) VALUES (853, 'robert91');
INSERT INTO bookmark(post_id, user_id) VALUES (853, 'robert91');
INSERT INTO comment(date, user_id, textual_content, post_id) VALUES ('2024-05-09 06:47:33', 'robert91', 'Nearly cold successful.', 853);
INSERT INTO has_tag(post_id, tag_name) VALUES (853, 'vegan');
INSERT INTO contains_ingredient(ingredient_name, post_id, quantity, unit) VALUES ('tomato sauce', 853, 93, 'qty');
INSERT INTO rate(post_id, user_id, value) VALUES (209, 'jacqueline68', 2);
INSERT INTO user_likes(post_id, user_id) VALUES (209, 'jacqueline68');
INSERT INTO bookmark(post_id, user_id) VALUES (209, 'jacqueline68');
INSERT INTO comment(date, user_id, textual_content, post_id) VALUES ('2024-05-06 17:22:36', 'jacqueline68', 'Phone seven.', 209);
INSERT INTO has_tag(post_id, tag_name) VALUES (209, 'halal');
INSERT INTO contains_ingredient(ingredient_name, post_id, quantity, unit) VALUES ('extra virgin olive oil', 209, 56, 'kg');
INSERT INTO rate(post_id, user_id, value) VALUES (971, 'larsonjohn', 8);
INSERT INTO user_likes(post_id, user_id) VALUES (971, 'larsonjohn');
INSERT INTO bookmark(post_id, user_id) VALUES (971, 'larsonjohn');
INSERT INTO comment(date, user_id, textual_content, post_id) VALUES ('2024-05-03 05:37:19', 'larsonjohn', 'Discuss.', 971);
INSERT INTO has_tag(post_id, tag_name) VALUES (971, 'halal');
INSERT INTO contains_ingredient(ingredient_name, post_id, quantity, unit) VALUES ('oregano', 971, 73, 'g');
INSERT INTO rate(post_id, user_id, value) VALUES (830, 'gregory20', 6);
INSERT INTO user_likes(post_id, user_id) VALUES (830, 'gregory20');
INSERT INTO bookmark(post_id, user_id) VALUES (830, 'gregory20');
INSERT INTO comment(date, user_id, textual_content, post_id) VALUES ('2024-05-07 05:25:05', 'gregory20', 'Really.', 830);
INSERT INTO has_tag(post_id, tag_name) VALUES (830, 'organic');
INSERT INTO contains_ingredient(ingredient_name, post_id, quantity, unit) VALUES ('diced tomatoes', 830, 23, 'mL');
INSERT INTO rate(post_id, user_id, value) VALUES (786, 'joseph72', 5);
INSERT INTO user_likes(post_id, user_id) VALUES (786, 'joseph72');
INSERT INTO bookmark(post_id, user_id) VALUES (786, 'joseph72');
INSERT INTO comment(date, user_id, textual_content, post_id) VALUES ('2024-05-04 23:59:44', 'joseph72', 'Nothing decision or.', 786);
INSERT INTO has_tag(post_id, tag_name) VALUES (786, 'non-GMO');
INSERT INTO contains_ingredient(ingredient_name, post_id, quantity, unit) VALUES ('honey', 786, 84, 'qty');
INSERT INTO rate(post_id, user_id, value) VALUES (202, 'andrewramos', 5);
INSERT INTO user_likes(post_id, user_id) VALUES (202, 'andrewramos');
INSERT INTO bookmark(post_id, user_id) VALUES (202, 'andrewramos');
INSERT INTO comment(date, user_id, textual_content, post_id) VALUES ('2024-05-04 15:21:05', 'andrewramos', 'Stuff upon.', 202);
INSERT INTO has_tag(post_id, tag_name) VALUES (202, 'organic');
INSERT INTO contains_ingredient(ingredient_name, post_id, quantity, unit) VALUES ('mustard', 202, 43, 'L');
INSERT INTO rate(post_id, user_id, value) VALUES (100, 'jonduffy', 1);
INSERT INTO user_likes(post_id, user_id) VALUES (100, 'jonduffy');
INSERT INTO bookmark(post_id, user_id) VALUES (100, 'jonduffy');
INSERT INTO comment(date, user_id, textual_content, post_id) VALUES ('2024-05-08 12:22:37', 'jonduffy', 'If.', 100);
INSERT INTO has_tag(post_id, tag_name) VALUES (100, 'kosher');
INSERT INTO contains_ingredient(ingredient_name, post_id, quantity, unit) VALUES ('fennel seeds', 100, 78, 'mL');
INSERT INTO rate(post_id, user_id, value) VALUES (253, 'charlesgonzales', 4);
INSERT INTO user_likes(post_id, user_id) VALUES (253, 'charlesgonzales');
INSERT INTO bookmark(post_id, user_id) VALUES (253, 'charlesgonzales');
INSERT INTO comment(date, user_id, textual_content, post_id) VALUES ('2024-05-05 20:13:54', 'charlesgonzales', 'Operation into.', 253);
INSERT INTO has_tag(post_id, tag_name) VALUES (253, 'halal');
INSERT INTO contains_ingredient(ingredient_name, post_id, quantity, unit) VALUES ('extra virgin olive oil', 253, 91, 'g');
INSERT INTO rate(post_id, user_id, value) VALUES (111, 'joseph72', 3);
INSERT INTO user_likes(post_id, user_id) VALUES (111, 'joseph72');
INSERT INTO bookmark(post_id, user_id) VALUES (111, 'joseph72');
INSERT INTO comment(date, user_id, textual_content, post_id) VALUES ('2024-05-06 05:21:50', 'joseph72', 'Type treatment.', 111);
INSERT INTO has_tag(post_id, tag_name) VALUES (111, 'raw');
INSERT INTO contains_ingredient(ingredient_name, post_id, quantity, unit) VALUES ('butter', 111, 68, 'kg');
INSERT INTO rate(post_id, user_id, value) VALUES (558, 'michael57', 9);
INSERT INTO user_likes(post_id, user_id) VALUES (558, 'michael57');
INSERT INTO bookmark(post_id, user_id) VALUES (558, 'michael57');
INSERT INTO comment(date, user_id, textual_content, post_id) VALUES ('2024-05-05 07:16:11', 'michael57', 'Until yet.', 558);
INSERT INTO has_tag(post_id, tag_name) VALUES (558, 'gluten-free');
INSERT INTO contains_ingredient(ingredient_name, post_id, quantity, unit) VALUES ('garlic', 558, 29, 'L');
INSERT INTO rate(post_id, user_id, value) VALUES (66, 'gabrielhernandez', 8);
INSERT INTO user_likes(post_id, user_id) VALUES (66, 'gabrielhernandez');
INSERT INTO bookmark(post_id, user_id) VALUES (66, 'gabrielhernandez');
INSERT INTO comment(date, user_id, textual_content, post_id) VALUES ('2024-05-08 04:20:27', 'gabrielhernandez', 'South environmental ready.', 66);
INSERT INTO has_tag(post_id, tag_name) VALUES (66, 'halal');
INSERT INTO contains_ingredient(ingredient_name, post_id, quantity, unit) VALUES ('parsley', 66, 87, 'qty');
INSERT INTO rate(post_id, user_id, value) VALUES (467, 'carol66', 4);
INSERT INTO user_likes(post_id, user_id) VALUES (467, 'carol66');
INSERT INTO bookmark(post_id, user_id) VALUES (467, 'carol66');
INSERT INTO comment(date, user_id, textual_content, post_id) VALUES ('2024-05-07 12:24:17', 'carol66', 'There candidate current.', 467);
INSERT INTO has_tag(post_id, tag_name) VALUES (467, 'high-protein');
INSERT INTO contains_ingredient(ingredient_name, post_id, quantity, unit) VALUES ('celery', 467, 61, 'mL');
INSERT INTO rate(post_id, user_id, value) VALUES (535, 'eric23', 2);
INSERT INTO user_likes(post_id, user_id) VALUES (535, 'eric23');
INSERT INTO bookmark(post_id, user_id) VALUES (535, 'eric23');
INSERT INTO comment(date, user_id, textual_content, post_id) VALUES ('2024-05-03 12:17:52', 'eric23', 'Such early need.', 535);
INSERT INTO has_tag(post_id, tag_name) VALUES (535, 'nut-free');
INSERT INTO contains_ingredient(ingredient_name, post_id, quantity, unit) VALUES ('rice', 535, 9, 'L');
INSERT INTO rate(post_id, user_id, value) VALUES (894, 'fpena', 1);
INSERT INTO user_likes(post_id, user_id) VALUES (894, 'fpena');
INSERT INTO bookmark(post_id, user_id) VALUES (894, 'fpena');
INSERT INTO comment(date, user_id, textual_content, post_id) VALUES ('2024-05-03 23:23:58', 'fpena', 'Hotel operation price.', 894);
INSERT INTO has_tag(post_id, tag_name) VALUES (894, 'heart-healthy');
INSERT INTO contains_ingredient(ingredient_name, post_id, quantity, unit) VALUES ('honey', 894, 79, 'g');
INSERT INTO rate(post_id, user_id, value) VALUES (211, 'leewendy', 7);
INSERT INTO user_likes(post_id, user_id) VALUES (211, 'leewendy');
INSERT INTO bookmark(post_id, user_id) VALUES (211, 'leewendy');
INSERT INTO comment(date, user_id, textual_content, post_id) VALUES ('2024-05-06 06:25:58', 'leewendy', 'Focus detail government body.', 211);
INSERT INTO has_tag(post_id, tag_name) VALUES (211, 'dairy-free');
INSERT INTO contains_ingredient(ingredient_name, post_id, quantity, unit) VALUES ('crushed tomatoes', 211, 65, 'qty');
INSERT INTO rate(post_id, user_id, value) VALUES (954, 'jeffrey05', 9);
INSERT INTO user_likes(post_id, user_id) VALUES (954, 'jeffrey05');
INSERT INTO bookmark(post_id, user_id) VALUES (954, 'jeffrey05');
INSERT INTO comment(date, user_id, textual_content, post_id) VALUES ('2024-05-08 05:21:39', 'jeffrey05', 'City model.', 954);
INSERT INTO has_tag(post_id, tag_name) VALUES (954, 'vegan');
INSERT INTO contains_ingredient(ingredient_name, post_id, quantity, unit) VALUES ('salt', 954, 44, 'mL');
INSERT INTO rate(post_id, user_id, value) VALUES (811, 'jonduffy', 10);
INSERT INTO user_likes(post_id, user_id) VALUES (811, 'jonduffy');
INSERT INTO bookmark(post_id, user_id) VALUES (811, 'jonduffy');
INSERT INTO comment(date, user_id, textual_content, post_id) VALUES ('2024-05-08 18:32:37', 'jonduffy', 'Example more.', 811);
INSERT INTO has_tag(post_id, tag_name) VALUES (811, 'vegan');
INSERT INTO contains_ingredient(ingredient_name, post_id, quantity, unit) VALUES ('vinegar', 811, 97, 'qty');
INSERT INTO rate(post_id, user_id, value) VALUES (365, 'wendy87', 10);
INSERT INTO user_likes(post_id, user_id) VALUES (365, 'wendy87');
INSERT INTO bookmark(post_id, user_id) VALUES (365, 'wendy87');
INSERT INTO comment(date, user_id, textual_content, post_id) VALUES ('2024-05-05 18:13:39', 'wendy87', 'Project late.', 365);
INSERT INTO has_tag(post_id, tag_name) VALUES (365, 'raw');
INSERT INTO contains_ingredient(ingredient_name, post_id, quantity, unit) VALUES ('cooking oil', 365, 9, 'L');
INSERT INTO rate(post_id, user_id, value) VALUES (896, 'rbradley', 4);
INSERT INTO user_likes(post_id, user_id) VALUES (896, 'rbradley');
INSERT INTO bookmark(post_id, user_id) VALUES (896, 'rbradley');
INSERT INTO comment(date, user_id, textual_content, post_id) VALUES ('2024-05-02 06:25:19', 'rbradley', 'Test long allow.', 896);
INSERT INTO has_tag(post_id, tag_name) VALUES (896, 'sugar-free');
INSERT INTO contains_ingredient(ingredient_name, post_id, quantity, unit) VALUES ('ketchup', 896, 54, 'L');
INSERT INTO rate(post_id, user_id, value) VALUES (369, 'ctran', 5);
INSERT INTO user_likes(post_id, user_id) VALUES (369, 'ctran');
INSERT INTO bookmark(post_id, user_id) VALUES (369, 'ctran');
INSERT INTO comment(date, user_id, textual_content, post_id) VALUES ('2024-05-09 20:43:10', 'ctran', 'Western against camera owner.', 369);
INSERT INTO has_tag(post_id, tag_name) VALUES (369, 'raw');
INSERT INTO contains_ingredient(ingredient_name, post_id, quantity, unit) VALUES ('stock cubes', 369, 52, 'L');
INSERT INTO rate(post_id, user_id, value) VALUES (64, 'avilajohn', 5);
INSERT INTO user_likes(post_id, user_id) VALUES (64, 'avilajohn');
INSERT INTO bookmark(post_id, user_id) VALUES (64, 'avilajohn');
INSERT INTO comment(date, user_id, textual_content, post_id) VALUES ('2024-05-09 18:53:00', 'avilajohn', 'Instead card seek.', 64);
INSERT INTO has_tag(post_id, tag_name) VALUES (64, 'heart-healthy');
INSERT INTO contains_ingredient(ingredient_name, post_id, quantity, unit) VALUES ('whole nutmeg', 64, 8, 'kg');
INSERT INTO rate(post_id, user_id, value) VALUES (760, 'seanburke', 2);
INSERT INTO user_likes(post_id, user_id) VALUES (760, 'seanburke');
INSERT INTO bookmark(post_id, user_id) VALUES (760, 'seanburke');
INSERT INTO comment(date, user_id, textual_content, post_id) VALUES ('2024-05-01 08:06:02', 'seanburke', 'Happen something family.', 760);
INSERT INTO has_tag(post_id, tag_name) VALUES (760, 'low-carb');
INSERT INTO contains_ingredient(ingredient_name, post_id, quantity, unit) VALUES ('heavy cream', 760, 54, 'g');
INSERT INTO rate(post_id, user_id, value) VALUES (602, 'tiffany02', 7);
INSERT INTO user_likes(post_id, user_id) VALUES (602, 'tiffany02');
INSERT INTO bookmark(post_id, user_id) VALUES (602, 'tiffany02');
INSERT INTO comment(date, user_id, textual_content, post_id) VALUES ('2024-05-02 03:57:30', 'tiffany02', 'Most claim music.', 602);
INSERT INTO has_tag(post_id, tag_name) VALUES (602, 'non-GMO');
INSERT INTO contains_ingredient(ingredient_name, post_id, quantity, unit) VALUES ('honey', 602, 77, 'kg');
INSERT INTO rate(post_id, user_id, value) VALUES (321, 'johnortiz', 9);
INSERT INTO user_likes(post_id, user_id) VALUES (321, 'johnortiz');
INSERT INTO bookmark(post_id, user_id) VALUES (321, 'johnortiz');
INSERT INTO comment(date, user_id, textual_content, post_id) VALUES ('2024-05-01 17:35:26', 'johnortiz', 'Newspaper major.', 321);
INSERT INTO has_tag(post_id, tag_name) VALUES (321, 'kosher');
INSERT INTO contains_ingredient(ingredient_name, post_id, quantity, unit) VALUES ('eggs', 321, 33, 'qty');
INSERT INTO rate(post_id, user_id, value) VALUES (452, 'christopher63', 6);
INSERT INTO user_likes(post_id, user_id) VALUES (452, 'christopher63');
INSERT INTO bookmark(post_id, user_id) VALUES (452, 'christopher63');
INSERT INTO comment(date, user_id, textual_content, post_id) VALUES ('2024-05-07 14:49:32', 'christopher63', 'Live plant reason.', 452);
INSERT INTO has_tag(post_id, tag_name) VALUES (452, 'sugar-free');
INSERT INTO contains_ingredient(ingredient_name, post_id, quantity, unit) VALUES ('parsley', 452, 41, 'g');
INSERT INTO rate(post_id, user_id, value) VALUES (883, 'hardyolivia', 7);
INSERT INTO user_likes(post_id, user_id) VALUES (883, 'hardyolivia');
INSERT INTO bookmark(post_id, user_id) VALUES (883, 'hardyolivia');
INSERT INTO comment(date, user_id, textual_content, post_id) VALUES ('2024-05-01 18:41:29', 'hardyolivia', 'Scene determine politics.', 883);
INSERT INTO has_tag(post_id, tag_name) VALUES (883, 'low-carb');
INSERT INTO contains_ingredient(ingredient_name, post_id, quantity, unit) VALUES ('sugar', 883, 95, 'g');
INSERT INTO rate(post_id, user_id, value) VALUES (482, 'catherinedavis', 6);
INSERT INTO user_likes(post_id, user_id) VALUES (482, 'catherinedavis');
INSERT INTO bookmark(post_id, user_id) VALUES (482, 'catherinedavis');
INSERT INTO comment(date, user_id, textual_content, post_id) VALUES ('2024-05-09 12:46:14', 'catherinedavis', 'What half likely.', 482);
INSERT INTO has_tag(post_id, tag_name) VALUES (482, 'dairy-free');
INSERT INTO contains_ingredient(ingredient_name, post_id, quantity, unit) VALUES ('whole nutmeg', 482, 8, 'g');
INSERT INTO rate(post_id, user_id, value) VALUES (799, 'avilajohn', 3);
INSERT INTO user_likes(post_id, user_id) VALUES (799, 'avilajohn');
INSERT INTO bookmark(post_id, user_id) VALUES (799, 'avilajohn');
INSERT INTO comment(date, user_id, textual_content, post_id) VALUES ('2024-05-02 03:50:37', 'avilajohn', 'Down each from.', 799);
INSERT INTO has_tag(post_id, tag_name) VALUES (799, 'gluten-free');
INSERT INTO contains_ingredient(ingredient_name, post_id, quantity, unit) VALUES ('diced tomatoes', 799, 11, 'g');
INSERT INTO rate(post_id, user_id, value) VALUES (925, 'fpena', 1);
INSERT INTO user_likes(post_id, user_id) VALUES (925, 'fpena');
INSERT INTO bookmark(post_id, user_id) VALUES (925, 'fpena');
INSERT INTO comment(date, user_id, textual_content, post_id) VALUES ('2024-05-02 00:20:33', 'fpena', 'Song radio character.', 925);
INSERT INTO has_tag(post_id, tag_name) VALUES (925, 'raw');
INSERT INTO contains_ingredient(ingredient_name, post_id, quantity, unit) VALUES ('heavy cream', 925, 35, 'L');
INSERT INTO rate(post_id, user_id, value) VALUES (893, 'wendy87', 2);
INSERT INTO user_likes(post_id, user_id) VALUES (893, 'wendy87');
INSERT INTO bookmark(post_id, user_id) VALUES (893, 'wendy87');
INSERT INTO comment(date, user_id, textual_content, post_id) VALUES ('2024-05-06 01:34:55', 'wendy87', 'Local Democrat.', 893);
INSERT INTO has_tag(post_id, tag_name) VALUES (893, 'organic');
INSERT INTO contains_ingredient(ingredient_name, post_id, quantity, unit) VALUES ('thyme', 893, 88, 'qty');
INSERT INTO rate(post_id, user_id, value) VALUES (145, 'andrew55', 3);
INSERT INTO user_likes(post_id, user_id) VALUES (145, 'andrew55');
INSERT INTO bookmark(post_id, user_id) VALUES (145, 'andrew55');
INSERT INTO comment(date, user_id, textual_content, post_id) VALUES ('2024-05-03 05:15:27', 'andrew55', 'Leg market seven.', 145);
INSERT INTO has_tag(post_id, tag_name) VALUES (145, 'dairy-free');
INSERT INTO contains_ingredient(ingredient_name, post_id, quantity, unit) VALUES ('onions', 145, 9, 'kg');
INSERT INTO rate(post_id, user_id, value) VALUES (799, 'yolanda71', 5);
INSERT INTO user_likes(post_id, user_id) VALUES (799, 'yolanda71');
INSERT INTO bookmark(post_id, user_id) VALUES (799, 'yolanda71');
INSERT INTO comment(date, user_id, textual_content, post_id) VALUES ('2024-05-06 18:40:37', 'yolanda71', 'Force decision.', 799);
INSERT INTO has_tag(post_id, tag_name) VALUES (799, 'organic');
INSERT INTO contains_ingredient(ingredient_name, post_id, quantity, unit) VALUES ('carrots', 799, 93, 'g');
INSERT INTO rate(post_id, user_id, value) VALUES (172, 'brianroberts', 4);
INSERT INTO user_likes(post_id, user_id) VALUES (172, 'brianroberts');
INSERT INTO bookmark(post_id, user_id) VALUES (172, 'brianroberts');
INSERT INTO comment(date, user_id, textual_content, post_id) VALUES ('2024-05-03 17:09:13', 'brianroberts', 'Deep modern artist college.', 172);
INSERT INTO has_tag(post_id, tag_name) VALUES (172, 'high-protein');
INSERT INTO contains_ingredient(ingredient_name, post_id, quantity, unit) VALUES ('cooking oil', 172, 3, 'qty');
INSERT INTO rate(post_id, user_id, value) VALUES (948, 'jgreen', 4);
INSERT INTO user_likes(post_id, user_id) VALUES (948, 'jgreen');
INSERT INTO bookmark(post_id, user_id) VALUES (948, 'jgreen');
INSERT INTO comment(date, user_id, textual_content, post_id) VALUES ('2024-05-06 18:02:03', 'jgreen', 'And sure catch.', 948);
INSERT INTO has_tag(post_id, tag_name) VALUES (948, 'gluten-free');
INSERT INTO contains_ingredient(ingredient_name, post_id, quantity, unit) VALUES ('beans', 948, 43, 'qty');
INSERT INTO rate(post_id, user_id, value) VALUES (107, 'courtneymaldonado', 3);
INSERT INTO user_likes(post_id, user_id) VALUES (107, 'courtneymaldonado');
INSERT INTO bookmark(post_id, user_id) VALUES (107, 'courtneymaldonado');
INSERT INTO comment(date, user_id, textual_content, post_id) VALUES ('2024-05-03 20:43:46', 'courtneymaldonado', 'Risk agreement.', 107);
INSERT INTO has_tag(post_id, tag_name) VALUES (107, 'keto');
INSERT INTO contains_ingredient(ingredient_name, post_id, quantity, unit) VALUES ('baking powder', 107, 4, 'kg');
INSERT INTO rate(post_id, user_id, value) VALUES (283, 'daltonamy', 10);
INSERT INTO user_likes(post_id, user_id) VALUES (283, 'daltonamy');
INSERT INTO bookmark(post_id, user_id) VALUES (283, 'daltonamy');
INSERT INTO comment(date, user_id, textual_content, post_id) VALUES ('2024-05-07 22:39:18', 'daltonamy', 'Worker thank.', 283);
INSERT INTO has_tag(post_id, tag_name) VALUES (283, 'high-protein');
INSERT INTO contains_ingredient(ingredient_name, post_id, quantity, unit) VALUES ('salt', 283, 8, 'g');
INSERT INTO rate(post_id, user_id, value) VALUES (188, 'harry71', 3);
INSERT INTO user_likes(post_id, user_id) VALUES (188, 'harry71');
INSERT INTO bookmark(post_id, user_id) VALUES (188, 'harry71');
INSERT INTO comment(date, user_id, textual_content, post_id) VALUES ('2024-05-08 16:30:43', 'harry71', 'Prevent example for.', 188);
INSERT INTO has_tag(post_id, tag_name) VALUES (188, 'gluten-free');
INSERT INTO contains_ingredient(ingredient_name, post_id, quantity, unit) VALUES ('mustard', 188, 61, 'mL');
INSERT INTO rate(post_id, user_id, value) VALUES (854, 'paul52', 1);
INSERT INTO user_likes(post_id, user_id) VALUES (854, 'paul52');
INSERT INTO bookmark(post_id, user_id) VALUES (854, 'paul52');
INSERT INTO comment(date, user_id, textual_content, post_id) VALUES ('2024-05-03 12:28:36', 'paul52', 'Learn difference kind.', 854);
INSERT INTO has_tag(post_id, tag_name) VALUES (854, 'low-carb');
INSERT INTO contains_ingredient(ingredient_name, post_id, quantity, unit) VALUES ('tomato sauce', 854, 18, 'L');
INSERT INTO rate(post_id, user_id, value) VALUES (236, 'smithpenny', 8);
INSERT INTO user_likes(post_id, user_id) VALUES (236, 'smithpenny');
INSERT INTO bookmark(post_id, user_id) VALUES (236, 'smithpenny');
INSERT INTO comment(date, user_id, textual_content, post_id) VALUES ('2024-05-02 11:56:09', 'smithpenny', 'Approach necessary artist.', 236);
INSERT INTO has_tag(post_id, tag_name) VALUES (236, 'vegan');
INSERT INTO contains_ingredient(ingredient_name, post_id, quantity, unit) VALUES ('whole nutmeg', 236, 57, 'mL');
INSERT INTO rate(post_id, user_id, value) VALUES (806, 'wlopez', 8);
INSERT INTO user_likes(post_id, user_id) VALUES (806, 'wlopez');
INSERT INTO bookmark(post_id, user_id) VALUES (806, 'wlopez');
INSERT INTO comment(date, user_id, textual_content, post_id) VALUES ('2024-05-02 01:51:51', 'wlopez', 'Station.', 806);
INSERT INTO has_tag(post_id, tag_name) VALUES (806, 'low-fat');
INSERT INTO contains_ingredient(ingredient_name, post_id, quantity, unit) VALUES ('cayenne pepper', 806, 26, 'mL');
INSERT INTO rate(post_id, user_id, value) VALUES (284, 'brittany13', 3);
INSERT INTO user_likes(post_id, user_id) VALUES (284, 'brittany13');
INSERT INTO bookmark(post_id, user_id) VALUES (284, 'brittany13');
INSERT INTO comment(date, user_id, textual_content, post_id) VALUES ('2024-05-01 21:46:36', 'brittany13', 'Single key situation.', 284);
INSERT INTO has_tag(post_id, tag_name) VALUES (284, 'organic');
INSERT INTO contains_ingredient(ingredient_name, post_id, quantity, unit) VALUES ('parmesan', 284, 4, 'g');
INSERT INTO rate(post_id, user_id, value) VALUES (672, 'cfitzgerald', 8);
INSERT INTO user_likes(post_id, user_id) VALUES (672, 'cfitzgerald');
INSERT INTO bookmark(post_id, user_id) VALUES (672, 'cfitzgerald');
INSERT INTO comment(date, user_id, textual_content, post_id) VALUES ('2024-05-04 13:03:45', 'cfitzgerald', 'Model factor the.', 672);
INSERT INTO has_tag(post_id, tag_name) VALUES (672, 'low-calorie');
INSERT INTO contains_ingredient(ingredient_name, post_id, quantity, unit) VALUES ('pasta', 672, 5, 'mL');
INSERT INTO rate(post_id, user_id, value) VALUES (738, 'lhampton', 2);
INSERT INTO user_likes(post_id, user_id) VALUES (738, 'lhampton');
INSERT INTO bookmark(post_id, user_id) VALUES (738, 'lhampton');
INSERT INTO comment(date, user_id, textual_content, post_id) VALUES ('2024-05-05 16:59:13', 'lhampton', 'Identify sell.', 738);
INSERT INTO has_tag(post_id, tag_name) VALUES (738, 'dairy-free');
INSERT INTO contains_ingredient(ingredient_name, post_id, quantity, unit) VALUES ('milk', 738, 20, 'mL');
INSERT INTO rate(post_id, user_id, value) VALUES (643, 'jgarcia', 4);
INSERT INTO user_likes(post_id, user_id) VALUES (643, 'jgarcia');
INSERT INTO bookmark(post_id, user_id) VALUES (643, 'jgarcia');
INSERT INTO comment(date, user_id, textual_content, post_id) VALUES ('2024-05-01 19:23:09', 'jgarcia', 'Probably PM relate.', 643);
INSERT INTO has_tag(post_id, tag_name) VALUES (643, 'low-calorie');
INSERT INTO contains_ingredient(ingredient_name, post_id, quantity, unit) VALUES ('crushed tomatoes', 643, 73, 'qty');
INSERT INTO rate(post_id, user_id, value) VALUES (166, 'paul52', 7);
INSERT INTO user_likes(post_id, user_id) VALUES (166, 'paul52');
INSERT INTO bookmark(post_id, user_id) VALUES (166, 'paul52');
INSERT INTO comment(date, user_id, textual_content, post_id) VALUES ('2024-05-04 14:21:01', 'paul52', 'Group four.', 166);
INSERT INTO has_tag(post_id, tag_name) VALUES (166, 'vegan');
INSERT INTO contains_ingredient(ingredient_name, post_id, quantity, unit) VALUES ('parsley', 166, 7, 'mL');
INSERT INTO rate(post_id, user_id, value) VALUES (240, 'lhampton', 5);
INSERT INTO user_likes(post_id, user_id) VALUES (240, 'lhampton');
INSERT INTO bookmark(post_id, user_id) VALUES (240, 'lhampton');
INSERT INTO comment(date, user_id, textual_content, post_id) VALUES ('2024-05-01 21:14:32', 'lhampton', 'Question author what.', 240);
INSERT INTO has_tag(post_id, tag_name) VALUES (240, 'kosher');
INSERT INTO contains_ingredient(ingredient_name, post_id, quantity, unit) VALUES ('parsley', 240, 94, 'g');
INSERT INTO rate(post_id, user_id, value) VALUES (402, 'lmoore', 7);
INSERT INTO user_likes(post_id, user_id) VALUES (402, 'lmoore');
INSERT INTO bookmark(post_id, user_id) VALUES (402, 'lmoore');
INSERT INTO comment(date, user_id, textual_content, post_id) VALUES ('2024-05-09 06:19:32', 'lmoore', 'Should environmental none new.', 402);
INSERT INTO has_tag(post_id, tag_name) VALUES (402, 'whole30');
INSERT INTO contains_ingredient(ingredient_name, post_id, quantity, unit) VALUES ('onions', 402, 6, 'mL');
INSERT INTO rate(post_id, user_id, value) VALUES (124, 'michellesandoval', 10);
INSERT INTO user_likes(post_id, user_id) VALUES (124, 'michellesandoval');
INSERT INTO bookmark(post_id, user_id) VALUES (124, 'michellesandoval');
INSERT INTO comment(date, user_id, textual_content, post_id) VALUES ('2024-05-09 21:23:55', 'michellesandoval', 'Number at.', 124);
INSERT INTO has_tag(post_id, tag_name) VALUES (124, 'non-GMO');
INSERT INTO contains_ingredient(ingredient_name, post_id, quantity, unit) VALUES ('paprika', 124, 19, 'qty');
INSERT INTO rate(post_id, user_id, value) VALUES (596, 'seanburke', 7);
INSERT INTO user_likes(post_id, user_id) VALUES (596, 'seanburke');
INSERT INTO bookmark(post_id, user_id) VALUES (596, 'seanburke');
INSERT INTO comment(date, user_id, textual_content, post_id) VALUES ('2024-05-05 00:17:35', 'seanburke', 'Military.', 596);
INSERT INTO has_tag(post_id, tag_name) VALUES (596, 'low-carb');
INSERT INTO contains_ingredient(ingredient_name, post_id, quantity, unit) VALUES ('tomato paste', 596, 15, 'kg');
INSERT INTO rate(post_id, user_id, value) VALUES (593, 'jose80', 9);
INSERT INTO user_likes(post_id, user_id) VALUES (593, 'jose80');
INSERT INTO bookmark(post_id, user_id) VALUES (593, 'jose80');
INSERT INTO comment(date, user_id, textual_content, post_id) VALUES ('2024-05-03 05:03:04', 'jose80', 'Same keep.', 593);
INSERT INTO has_tag(post_id, tag_name) VALUES (593, 'low-carb');
INSERT INTO contains_ingredient(ingredient_name, post_id, quantity, unit) VALUES ('extra virgin olive oil', 593, 100, 'L');
INSERT INTO rate(post_id, user_id, value) VALUES (919, 'brittany13', 9);
INSERT INTO user_likes(post_id, user_id) VALUES (919, 'brittany13');
INSERT INTO bookmark(post_id, user_id) VALUES (919, 'brittany13');
INSERT INTO comment(date, user_id, textual_content, post_id) VALUES ('2024-05-06 21:33:17', 'brittany13', 'Unit.', 919);
INSERT INTO has_tag(post_id, tag_name) VALUES (919, 'low-carb');
INSERT INTO contains_ingredient(ingredient_name, post_id, quantity, unit) VALUES ('whole nutmeg', 919, 13, 'L');
INSERT INTO rate(post_id, user_id, value) VALUES (759, 'diane89', 3);
INSERT INTO user_likes(post_id, user_id) VALUES (759, 'diane89');
INSERT INTO bookmark(post_id, user_id) VALUES (759, 'diane89');
INSERT INTO comment(date, user_id, textual_content, post_id) VALUES ('2024-05-03 09:11:42', 'diane89', 'Tree anyone receive.', 759);
INSERT INTO has_tag(post_id, tag_name) VALUES (759, 'paleo');
INSERT INTO contains_ingredient(ingredient_name, post_id, quantity, unit) VALUES ('cayenne pepper', 759, 46, 'mL');
INSERT INTO rate(post_id, user_id, value) VALUES (470, 'lesliewoodward', 4);
INSERT INTO user_likes(post_id, user_id) VALUES (470, 'lesliewoodward');
INSERT INTO bookmark(post_id, user_id) VALUES (470, 'lesliewoodward');
INSERT INTO comment(date, user_id, textual_content, post_id) VALUES ('2024-05-06 15:29:16', 'lesliewoodward', 'Garden ready class.', 470);
INSERT INTO has_tag(post_id, tag_name) VALUES (470, 'spicy');
INSERT INTO contains_ingredient(ingredient_name, post_id, quantity, unit) VALUES ('shallots', 470, 3, 'mL');
INSERT INTO rate(post_id, user_id, value) VALUES (920, 'smithpenny', 10);
INSERT INTO user_likes(post_id, user_id) VALUES (920, 'smithpenny');
INSERT INTO bookmark(post_id, user_id) VALUES (920, 'smithpenny');
INSERT INTO comment(date, user_id, textual_content, post_id) VALUES ('2024-05-03 10:23:06', 'smithpenny', 'Road whose manager.', 920);
INSERT INTO has_tag(post_id, tag_name) VALUES (920, 'whole30');
INSERT INTO contains_ingredient(ingredient_name, post_id, quantity, unit) VALUES ('eggs', 920, 46, 'g');
INSERT INTO rate(post_id, user_id, value) VALUES (926, 'harry71', 2);
INSERT INTO user_likes(post_id, user_id) VALUES (926, 'harry71');
INSERT INTO bookmark(post_id, user_id) VALUES (926, 'harry71');
INSERT INTO comment(date, user_id, textual_content, post_id) VALUES ('2024-05-05 21:52:52', 'harry71', 'Home return this.', 926);
INSERT INTO has_tag(post_id, tag_name) VALUES (926, 'heart-healthy');
INSERT INTO contains_ingredient(ingredient_name, post_id, quantity, unit) VALUES ('whole nutmeg', 926, 98, 'L');
INSERT INTO rate(post_id, user_id, value) VALUES (262, 'larsonjohn', 10);
INSERT INTO user_likes(post_id, user_id) VALUES (262, 'larsonjohn');
INSERT INTO bookmark(post_id, user_id) VALUES (262, 'larsonjohn');
INSERT INTO comment(date, user_id, textual_content, post_id) VALUES ('2024-05-01 06:05:37', 'larsonjohn', 'Play risk.', 262);
INSERT INTO has_tag(post_id, tag_name) VALUES (262, 'kosher');
INSERT INTO contains_ingredient(ingredient_name, post_id, quantity, unit) VALUES ('whole nutmeg', 262, 69, 'L');
INSERT INTO rate(post_id, user_id, value) VALUES (420, 'kingdawn', 3);
INSERT INTO user_likes(post_id, user_id) VALUES (420, 'kingdawn');
INSERT INTO bookmark(post_id, user_id) VALUES (420, 'kingdawn');
INSERT INTO comment(date, user_id, textual_content, post_id) VALUES ('2024-05-02 12:08:49', 'kingdawn', 'Drug spring.', 420);
INSERT INTO has_tag(post_id, tag_name) VALUES (420, 'dairy-free');
INSERT INTO contains_ingredient(ingredient_name, post_id, quantity, unit) VALUES ('sugar', 420, 16, 'g');
INSERT INTO rate(post_id, user_id, value) VALUES (594, 'wilsonmarie', 6);
INSERT INTO user_likes(post_id, user_id) VALUES (594, 'wilsonmarie');
INSERT INTO bookmark(post_id, user_id) VALUES (594, 'wilsonmarie');
INSERT INTO comment(date, user_id, textual_content, post_id) VALUES ('2024-05-09 11:35:17', 'wilsonmarie', 'White radio though.', 594);
INSERT INTO has_tag(post_id, tag_name) VALUES (594, 'spicy');
INSERT INTO contains_ingredient(ingredient_name, post_id, quantity, unit) VALUES ('eggs', 594, 72, 'kg');
INSERT INTO rate(post_id, user_id, value) VALUES (859, 'pcuevas', 4);
INSERT INTO user_likes(post_id, user_id) VALUES (859, 'pcuevas');
INSERT INTO bookmark(post_id, user_id) VALUES (859, 'pcuevas');
INSERT INTO comment(date, user_id, textual_content, post_id) VALUES ('2024-05-01 20:03:19', 'pcuevas', 'Sea edge.', 859);
INSERT INTO has_tag(post_id, tag_name) VALUES (859, 'halal');
INSERT INTO contains_ingredient(ingredient_name, post_id, quantity, unit) VALUES ('parsley', 859, 4, 'mL');

CREATE INDEX name_index ON post (name);
